request	Election_Jurisdiction:token	Election_Jurisdiction:id	Election_Jurisdiction	Election_Year:token	Election_Year:id	Election_Year	Election_Type:token	Election_Type:id	Election_Type	Office_Sought:token	Office_Sought:id	Office_Sought	#_of_Records	Total_$
s=NC&c-exi=1&c-r-ot=S&c-r-id=61080	s	NC	NC	y	2014	2014	c-r-t	1	Standard	c-r-osid	4848	"SENATE DISTRICT 018"	2520	2167601.47
s=NC&c-exi=1&c-r-ot=S&c-r-id=61088	s	NC	NC	y	2014	2014	c-r-t	1	Standard	c-r-osid	4856	"SENATE DISTRICT 026"	1829	2151101.26
s=NC&c-exi=1&c-r-ot=S&c-r-id=28347	s	NC	NC	y	2004	2004	c-r-t	1	Standard	c-r-osid	4831	"SENATE DISTRICT 001"	1990	1708598.07
s=NC&c-exi=1&c-r-ot=S&c-r-id=61077	s	NC	NC	y	2014	2014	c-r-t	1	Standard	c-r-osid	4845	"SENATE DISTRICT 015"	1515	1683458.04
s=NC&c-exi=1&c-r-ot=S&c-r-id=51194	s	NC	NC	y	2008	2008	c-r-t	1	Standard	c-r-osid	4831	"SENATE DISTRICT 001"	1282	1606894.19
s=NC&c-exi=1&c-r-ot=S&c-r-id=1105	s	NC	NC	y	2002	2002	c-r-t	1	Standard	c-r-osid	4831	"SENATE DISTRICT 001"	1539	1577720.17
s=NC&c-exi=1&c-r-ot=S&c-r-id=9795	s	NC	NC	y	2006	2006	c-r-t	1	Standard	c-r-osid	4831	"SENATE DISTRICT 001"	1537	1553519.03
s=NC&c-exi=1&c-r-ot=S&c-r-id=36327	s	NC	NC	y	2010	2010	c-r-t	1	Standard	c-r-osid	4831	"SENATE DISTRICT 001"	1834	1534062.85
s=NC&c-exi=1&c-r-ot=S&c-r-id=14856	s	NC	NC	y	2012	2012	c-r-t	1	Standard	c-r-osid	4856	"SENATE DISTRICT 026"	1390	1517042.32
s=NC&c-exi=1&c-r-ot=S&c-r-id=61081	s	NC	NC	y	2014	2014	c-r-t	1	Standard	c-r-osid	4849	"SENATE DISTRICT 019"	1086	1438461.80
s=NC&c-exi=1&c-r-ot=S&c-r-id=14855	s	NC	NC	y	2012	2012	c-r-t	1	Standard	c-r-osid	4848	"SENATE DISTRICT 018"	1456	1366902.66
s=NC&c-exi=1&c-r-ot=S&c-r-id=9797	s	NC	NC	y	2006	2006	c-r-t	1	Standard	c-r-osid	4832	"SENATE DISTRICT 002"	943	1342362.73
s=NC&c-exi=1&c-r-ot=S&c-r-id=17931	s	NC	NC	y	2002	2002	c-r-t	1	Standard	c-r-osid	4870	"SENATE DISTRICT 040"	1721	1313278.23
s=NC&c-exi=1&c-r-ot=S&c-r-id=12787	s	NC	NC	y	2010	2010	c-r-t	1	Standard	c-r-osid	4877	"SENATE DISTRICT 047"	1037	1290489.07
s=NC&c-exi=1&c-r-ot=S&c-r-id=12768	s	NC	NC	y	2010	2010	c-r-t	1	Standard	c-r-osid	4840	"SENATE DISTRICT 010"	1306	1245342.61
s=NC&c-exi=1&c-r-ot=S&c-r-id=32465	s	NC	NC	y	2006	2006	c-r-t	1	Standard	c-r-osid	4839	"SENATE DISTRICT 009"	1699	1212565.44
s=NC&c-exi=1&c-r-ot=S&c-r-id=61063	s	NC	NC	y	2014	2014	c-r-t	1	Standard	c-r-osid	4831	"SENATE DISTRICT 001"	1192	1211821.85
s=NC&c-exi=1&c-r-ot=S&c-r-id=36322	s	NC	NC	y	2010	2010	c-r-t	1	Standard	c-r-osid	4849	"SENATE DISTRICT 019"	932	1168662.80
s=NC&c-exi=1&c-r-ot=S&c-r-id=61071	s	NC	NC	y	2014	2014	c-r-t	1	Standard	c-r-osid	4839	"SENATE DISTRICT 009"	2330	1135148.43
s=NC&c-exi=1&c-r-ot=S&c-r-id=23655	s	NC	NC	y	2000	2000	c-r-t	1	Standard	c-r-osid	4831	"SENATE DISTRICT 001"	1004	1080393.00
s=NC&c-exi=1&c-r-ot=S&c-r-id=36323	s	NC	NC	y	2010	2010	c-r-t	1	Standard	c-r-osid	4854	"SENATE DISTRICT 024"	706	1079997.08
s=NC&c-exi=1&c-r-ot=S&c-r-id=33116	s	NC	NC	y	2008	2008	c-r-t	1	Standard	c-r-osid	4839	"SENATE DISTRICT 009"	920	1067812.89
s=NC&c-exi=1&c-r-ot=S&c-r-id=33109	s	NC	NC	y	2008	2008	c-r-t	1	Standard	c-r-osid	4854	"SENATE DISTRICT 024"	809	1046066.98
s=NC&c-exi=1&c-r-ot=S&c-r-id=10722	s	NC	NC	y	2008	2008	c-r-t	1	Standard	c-r-osid	4846	"SENATE DISTRICT 016"	2375	1019887.85
s=NC&c-exi=1&c-r-ot=S&c-r-id=70690	s	NC	NC	y	2016	2016	c-r-t	1	Standard	c-r-osid	4856	"SENATE DISTRICT 026"	687	1017469.56
s=NC&c-exi=1&c-r-ot=S&c-r-id=12789	s	NC	NC	y	2010	2010	c-r-t	1	Standard	c-r-osid	4880	"SENATE DISTRICT 050"	510	996545.48
s=NC&c-exi=1&c-r-ot=S&c-r-id=10718	s	NC	NC	y	2008	2008	c-r-t	1	Standard	c-r-osid	4835	"SENATE DISTRICT 005"	1512	994796.92
s=NC&c-exi=1&c-r-ot=S&c-r-id=33097	s	NC	NC	y	2008	2008	c-r-t	1	Standard	c-r-osid	4838	"SENATE DISTRICT 008"	648	992890.41
s=NC&c-exi=1&c-r-ot=S&c-r-id=10704	s	NC	NC	y	2008	2008	c-r-t	1	Standard	c-r-osid	4876	"SENATE DISTRICT 046"	1114	979898.69
s=NC&c-exi=1&c-r-ot=S&c-r-id=38862	s	NC	NC	y	2012	2012	c-r-t	1	Standard	c-r-osid	4880	"SENATE DISTRICT 050"	667	959881.34
s=NC&c-exi=1&c-r-ot=S&c-r-id=61078	s	NC	NC	y	2014	2014	c-r-t	1	Standard	c-r-osid	4846	"SENATE DISTRICT 016"	1467	943353.63
s=NC&c-exi=1&c-r-ot=S&c-r-id=12777	s	NC	NC	y	2010	2010	c-r-t	1	Standard	c-r-osid	4838	"SENATE DISTRICT 008"	1398	941562.80
s=NC&c-exi=1&c-r-ot=S&c-r-id=28308	s	NC	NC	y	2004	2004	c-r-t	1	Standard	c-r-osid	4832	"SENATE DISTRICT 002"	1392	894299.23
s=NC&c-exi=1&c-r-ot=S&c-r-id=9761	s	NC	NC	y	2006	2006	c-r-t	1	Standard	c-r-osid	4880	"SENATE DISTRICT 050"	1223	892166.17
s=NC&c-exi=1&c-r-ot=S&c-r-id=7819	s	NC	NC	y	2004	2004	c-r-t	1	Standard	c-r-osid	4839	"SENATE DISTRICT 009"	2191	880832.70
s=NC&c-exi=1&c-r-ot=S&c-r-id=28336	s	NC	NC	y	2004	2004	c-r-t	1	Standard	c-r-osid	4877	"SENATE DISTRICT 047"	351	871519.83
s=NC&c-exi=1&c-r-ot=S&c-r-id=30040	s	NC	NC	y	2006	2006	c-r-t	1	Standard	c-r-osid	4877	"SENATE DISTRICT 047"	726	868848.35
s=NC&c-exi=1&c-r-ot=S&c-r-id=10723	s	NC	NC	y	2008	2008	c-r-t	1	Standard	c-r-osid	4842	"SENATE DISTRICT 012"	1037	831497.73
s=NC&c-exi=1&c-r-ot=S&c-r-id=12765	s	NC	NC	y	2010	2010	c-r-t	1	Standard	c-r-osid	4833	"SENATE DISTRICT 003"	585	813712.89
s=NC&c-exi=1&c-r-ot=S&c-r-id=17985	s	NC	NC	y	2002	2002	c-r-t	1	Standard	c-r-osid	4846	"SENATE DISTRICT 016"	846	813122.97
s=NC&c-exi=1&c-r-ot=S&c-r-id=33111	s	NC	NC	y	2008	2008	c-r-t	1	Standard	c-r-osid	4873	"SENATE DISTRICT 043"	808	806287.45
s=NC&c-exi=1&c-r-ot=S&c-r-id=61087	s	NC	NC	y	2014	2014	c-r-t	1	Standard	c-r-osid	4855	"SENATE DISTRICT 025"	883	773294.49
s=NC&c-exi=1&c-r-ot=S&c-r-id=70680	s	NC	NC	y	2016	2016	c-r-t	1	Standard	c-r-osid	4839	"SENATE DISTRICT 009"	1751	771795.98
s=NC&c-exi=1&c-r-ot=S&c-r-id=36318	s	NC	NC	y	2010	2010	c-r-t	1	Standard	c-r-osid	4835	"SENATE DISTRICT 005"	760	755359.22
s=NC&c-exi=1&c-r-ot=S&c-r-id=47623	s	NC	NC	y	1998	1998	c-r-t	1	Standard	c-r-osid	4831	"SENATE DISTRICT 001"	1261	752467.20
s=NC&c-exi=1&c-r-ot=S&c-r-id=9760	s	NC	NC	y	2006	2006	c-r-t	1	Standard	c-r-osid	4838	"SENATE DISTRICT 008"	1280	750003.13
s=NC&c-exi=1&c-r-ot=S&c-r-id=70808	s	NC	NC	y	2016	2016	c-r-t	1	Standard	c-r-osid	4840	"SENATE DISTRICT 010"	798	738366.39
s=NC&c-exi=1&c-r-ot=S&c-r-id=31323	s	NC	NC	y	2006	2006	c-r-t	1	Standard	c-r-osid	4842	"SENATE DISTRICT 012"	1051	727989.66
s=NC&c-exi=1&c-r-ot=S&c-r-id=61070	s	NC	NC	y	2014	2014	c-r-t	1	Standard	c-r-osid	4838	"SENATE DISTRICT 008"	1152	721982.55
s=NC&c-exi=1&c-r-ot=S&c-r-id=12769	s	NC	NC	y	2010	2010	c-r-t	1	Standard	c-r-osid	4841	"SENATE DISTRICT 011"	876	692236.29
s=NC&c-exi=1&c-r-ot=S&c-r-id=23613	s	NC	NC	y	2000	2000	c-r-t	1	Standard	c-r-osid	4858	"SENATE DISTRICT 028"	606	688009.00
s=NC&c-exi=1&c-r-ot=S&c-r-id=70773	s	NC	NC	y	2016	2016	c-r-t	1	Standard	c-r-osid	4857	"SENATE DISTRICT 027"	1140	684147.63
s=NC&c-exi=1&c-r-ot=S&c-r-id=38853	s	NC	NC	y	2012	2012	c-r-t	1	Standard	c-r-osid	4839	"SENATE DISTRICT 009"	1357	671588.03
s=NC&c-exi=1&c-r-ot=S&c-r-id=12778	s	NC	NC	y	2010	2010	c-r-t	1	Standard	c-r-osid	4839	"SENATE DISTRICT 009"	1245	669335.29
s=NC&c-exi=1&c-r-ot=S&c-r-id=28318	s	NC	NC	y	2004	2004	c-r-t	1	Standard	c-r-osid	4852	"SENATE DISTRICT 022"	638	667485.07
s=NC&c-exi=1&c-r-ot=S&c-r-id=1045	s	NC	NC	y	2002	2002	c-r-t	1	Standard	c-r-osid	4842	"SENATE DISTRICT 012"	635	666669.70
s=NC&c-exi=1&c-r-ot=S&c-r-id=10708	s	NC	NC	y	2008	2008	c-r-t	1	Standard	c-r-osid	4869	"SENATE DISTRICT 039"	923	657914.00
s=NC&c-exi=1&c-r-ot=S&c-r-id=61072	s	NC	NC	y	2014	2014	c-r-t	1	Standard	c-r-osid	4840	"SENATE DISTRICT 010"	1220	647621.04
s=NC&c-exi=1&c-r-ot=S&c-r-id=4866	s	NC	NC	y	1996	1996	c-r-t	1	Standard	c-r-osid	4844	"SENATE DISTRICT 014"	1101	643732.74
s=NC&c-exi=1&c-r-ot=S&c-r-id=6947	s	NC	NC	y	1998	1998	c-r-t	1	Standard	c-r-osid	4847	"SENATE DISTRICT 017"	765	635230.45
s=NC&c-exi=1&c-r-ot=S&c-r-id=33125	s	NC	NC	y	2008	2008	c-r-t	1	Standard	c-r-osid	4877	"SENATE DISTRICT 047"	892	627835.19
s=NC&c-exi=1&c-r-ot=S&c-r-id=9800	s	NC	NC	y	2006	2006	c-r-t	1	Standard	c-r-osid	4849	"SENATE DISTRICT 019"	578	623133.05
s=NC&c-exi=1&c-r-ot=S&c-r-id=53234	s	NC	NC	y	2010	2010	c-r-t	1	Standard	c-r-osid	4856	"SENATE DISTRICT 026"	645	614518.53
s=NC&c-exi=1&c-r-ot=S&c-r-id=17939	s	NC	NC	y	2002	2002	c-r-t	1	Standard	c-r-osid	4873	"SENATE DISTRICT 043"	854	609829.27
s=NC&c-exi=1&c-r-ot=S&c-r-id=38855	s	NC	NC	y	2012	2012	c-r-t	1	Standard	c-r-osid	4847	"SENATE DISTRICT 017"	789	591466.27
s=NC&c-exi=1&c-r-ot=S&c-r-id=38854	s	NC	NC	y	2012	2012	c-r-t	1	Standard	c-r-osid	4845	"SENATE DISTRICT 015"	1143	586677.53
s=NC&c-exi=1&c-r-ot=S&c-r-id=28302	s	NC	NC	y	2004	2004	c-r-t	1	Standard	c-r-osid	4880	"SENATE DISTRICT 050"	717	586552.45
s=NC&c-exi=1&c-r-ot=S&c-r-id=70820	s	NC	NC	y	2016	2016	c-r-t	1	Standard	c-r-osid	4849	"SENATE DISTRICT 019"	454	583440.21
s=NC&c-exi=1&c-r-ot=S&c-r-id=31371	s	NC	NC	y	2006	2006	c-r-t	1	Standard	c-r-osid	4876	"SENATE DISTRICT 046"	1155	577803.94
s=NC&c-exi=1&c-r-ot=S&c-r-id=70735	s	NC	NC	y	2016	2016	c-r-t	1	Standard	c-r-osid	4831	"SENATE DISTRICT 001"	201	573845.35
s=NC&c-exi=1&c-r-ot=S&c-r-id=14852	s	NC	NC	y	2012	2012	c-r-t	1	Standard	c-r-osid	4832	"SENATE DISTRICT 002"	912	564889.49
s=NC&c-exi=1&c-r-ot=S&c-r-id=7796	s	NC	NC	y	2004	2004	c-r-t	1	Standard	c-r-osid	4848	"SENATE DISTRICT 018"	646	559593.21
s=NC&c-exi=1&c-r-ot=S&c-r-id=6940	s	NC	NC	y	1998	1998	c-r-t	1	Standard	c-r-osid	4844	"SENATE DISTRICT 014"	686	548217.22
s=NC&c-exi=1&c-r-ot=S&c-r-id=12788	s	NC	NC	y	2010	2010	c-r-t	1	Standard	c-r-osid	4879	"SENATE DISTRICT 049"	803	544393.04
s=NC&c-exi=1&c-r-ot=S&c-r-id=1111	s	NC	NC	y	2002	2002	c-r-t	1	Standard	c-r-osid	4832	"SENATE DISTRICT 002"	1110	542782.52
s=NC&c-exi=1&c-r-ot=S&c-r-id=70727	s	NC	NC	y	2016	2016	c-r-t	1	Standard	c-r-osid	4846	"SENATE DISTRICT 016"	1354	540058.96
s=NC&c-exi=1&c-r-ot=S&c-r-id=61110	s	NC	NC	y	2014	2014	c-r-t	1	Standard	c-r-osid	4878	"SENATE DISTRICT 048"	706	539776.90
s=NC&c-exi=1&c-r-ot=S&c-r-id=23632	s	NC	NC	y	2000	2000	c-r-t	1	Standard	c-r-osid	4833	"SENATE DISTRICT 003"	846	533388.00
s=NC&c-exi=1&c-r-ot=S&c-r-id=23641	s	NC	NC	y	2000	2000	c-r-t	1	Standard	c-r-osid	4850	"SENATE DISTRICT 020"	816	530619.00
s=NC&c-exi=1&c-r-ot=S&c-r-id=12786	s	NC	NC	y	2010	2010	c-r-t	1	Standard	c-r-osid	4875	"SENATE DISTRICT 045"	1068	527917.52
s=NC&c-exi=1&c-r-ot=S&c-r-id=1039	s	NC	NC	y	2002	2002	c-r-t	1	Standard	c-r-osid	4877	"SENATE DISTRICT 047"	178	519493.79
s=NC&c-exi=1&c-r-ot=S&c-r-id=61068	s	NC	NC	y	2014	2014	c-r-t	1	Standard	c-r-osid	4836	"SENATE DISTRICT 006"	421	517954.03
s=NC&c-exi=1&c-r-ot=S&c-r-id=38860	s	NC	NC	y	2012	2012	c-r-t	1	Standard	c-r-osid	4876	"SENATE DISTRICT 046"	607	514630.95
s=NC&c-exi=1&c-r-ot=S&c-r-id=1050	s	NC	NC	y	2002	2002	c-r-t	1	Standard	c-r-osid	4839	"SENATE DISTRICT 009"	1317	508346.30
s=NC&c-exi=1&c-r-ot=S&c-r-id=51231	s	NC	NC	y	2008	2008	c-r-t	1	Standard	c-r-osid	4849	"SENATE DISTRICT 019"	430	505448.97
s=NC&c-exi=1&c-r-ot=S&c-r-id=55158	s	NC	NC	y	2012	2012	c-r-t	1	Standard	c-r-osid	4836	"SENATE DISTRICT 006"	560	502980.71
s=NC&c-exi=1&c-r-ot=S&c-r-id=70712	s	NC	NC	y	2016	2016	c-r-t	1	Standard	c-r-osid	4836	"SENATE DISTRICT 006"	342	498350.00
s=NC&c-exi=1&c-r-ot=S&c-r-id=38861	s	NC	NC	y	2012	2012	c-r-t	1	Standard	c-r-osid	4877	"SENATE DISTRICT 047"	603	496240.71
s=NC&c-exi=1&c-r-ot=S&c-r-id=28332	s	NC	NC	y	2004	2004	c-r-t	1	Standard	c-r-osid	4835	"SENATE DISTRICT 005"	742	495952.88
s=NC&c-exi=1&c-r-ot=S&c-r-id=27020	s	NC	NC	y	1998	1998	c-r-t	1	Standard	c-r-osid	4858	"SENATE DISTRICT 028"	468	495727.92
s=NC&c-exi=1&c-r-ot=S&c-r-id=7794	s	NC	NC	y	2004	2004	c-r-t	1	Standard	c-r-osid	4876	"SENATE DISTRICT 046"	620	495042.34
s=NC&c-exi=1&c-r-ot=S&c-r-id=70682	s	NC	NC	y	2016	2016	c-r-t	1	Standard	c-r-osid	4847	"SENATE DISTRICT 017"	1371	486974.61
s=NC&c-exi=1&c-r-ot=S&c-r-id=61101	s	NC	NC	y	2014	2014	c-r-t	1	Standard	c-r-osid	4869	"SENATE DISTRICT 039"	567	480080.25
s=NC&c-exi=1&c-r-ot=S&c-r-id=14863	s	NC	NC	y	2012	2012	c-r-t	1	Standard	c-r-osid	4878	"SENATE DISTRICT 048"	445	479014.03
s=NC&c-exi=1&c-r-ot=S&c-r-id=27017	s	NC	NC	y	1998	1998	c-r-t	1	Standard	c-r-osid	4846	"SENATE DISTRICT 016"	588	473624.36
s=NC&c-exi=1&c-r-ot=S&c-r-id=45540	s	NC	NC	y	1996	1996	c-r-t	1	Standard	c-r-osid	4831	"SENATE DISTRICT 001"	621	471502.97
s=NC&c-exi=1&c-r-ot=S&c-r-id=48602	s	NC	NC	y	2004	2004	c-r-t	1	Standard	c-r-osid	4842	"SENATE DISTRICT 012"	1003	468024.59
s=NC&c-exi=1&c-r-ot=S&c-r-id=61112	s	NC	NC	y	2014	2014	c-r-t	1	Standard	c-r-osid	4880	"SENATE DISTRICT 050"	992	464994.36
s=NC&c-exi=1&c-r-ot=S&c-r-id=9781	s	NC	NC	y	2006	2006	c-r-t	1	Standard	c-r-osid	4854	"SENATE DISTRICT 024"	423	459102.66
s=NC&c-exi=1&c-r-ot=S&c-r-id=4930	s	NC	NC	y	2000	2000	c-r-t	1	Standard	c-r-osid	4834	"SENATE DISTRICT 004"	712	452974.00
s=NC&c-exi=1&c-r-ot=S&c-r-id=17998	s	NC	NC	y	2002	2002	c-r-t	1	Standard	c-r-osid	4857	"SENATE DISTRICT 027"	723	447853.60
s=NC&c-exi=1&c-r-ot=S&c-r-id=23610	s	NC	NC	y	2000	2000	c-r-t	1	Standard	c-r-osid	4844	"SENATE DISTRICT 014"	774	444323.00
s=NC&c-exi=1&c-r-ot=S&c-r-id=38856	s	NC	NC	y	2012	2012	c-r-t	1	Standard	c-r-osid	4849	"SENATE DISTRICT 019"	649	444287.67
s=NC&c-exi=1&c-r-ot=S&c-r-id=4896	s	NC	NC	y	2000	2000	c-r-t	1	Standard	c-r-osid	4847	"SENATE DISTRICT 017"	664	442202.00
s=NC&c-exi=1&c-r-ot=S&c-r-id=4900	s	NC	NC	y	2000	2000	c-r-t	1	Standard	c-r-osid	4854	"SENATE DISTRICT 024"	451	435000.00
s=NC&c-exi=1&c-r-ot=S&c-r-id=4872	s	NC	NC	y	1996	1996	c-r-t	1	Standard	c-r-osid	4846	"SENATE DISTRICT 016"	824	431388.74
s=NC&c-exi=1&c-r-ot=S&c-r-id=55181	s	NC	NC	y	2012	2012	c-r-t	1	Standard	c-r-osid	4846	"SENATE DISTRICT 016"	1013	423246.91
s=NC&c-exi=1&c-r-ot=S&c-r-id=70679	s	NC	NC	y	2016	2016	c-r-t	1	Standard	c-r-osid	4848	"SENATE DISTRICT 018"	665	419719.04
s=NC&c-exi=1&c-r-ot=S&c-r-id=9799	s	NC	NC	y	2006	2006	c-r-t	1	Standard	c-r-osid	4861	"SENATE DISTRICT 031"	658	416930.60
s=NC&c-exi=1&c-r-ot=S&c-r-id=23607	s	NC	NC	y	2000	2000	c-r-t	1	Standard	c-r-osid	4846	"SENATE DISTRICT 016"	1352	410690.00
s=NC&c-exi=1&c-r-ot=S&c-r-id=70834	s	NC	NC	y	2016	2016	c-r-t	1	Standard	c-r-osid	4838	"SENATE DISTRICT 008"	329	409872.98
s=NC&c-exi=1&c-r-ot=S&c-r-id=4921	s	NC	NC	y	2000	2000	c-r-t	1	Standard	c-r-osid	4851	"SENATE DISTRICT 021"	399	405941.00
s=NC&c-exi=1&c-r-ot=S&c-r-id=14851	s	NC	NC	y	2012	2012	c-r-t	1	Standard	c-r-osid	4831	"SENATE DISTRICT 001"	783	401953.19
s=NC&c-exi=1&c-r-ot=S&c-r-id=1087	s	NC	NC	y	2002	2002	c-r-t	1	Standard	c-r-osid	4849	"SENATE DISTRICT 019"	336	401069.77
s=NC&c-exi=1&c-r-ot=S&c-r-id=27010	s	NC	NC	y	1998	1998	c-r-t	1	Standard	c-r-osid	4833	"SENATE DISTRICT 003"	403	397645.96
s=NC&c-exi=1&c-r-ot=S&c-r-id=38859	s	NC	NC	y	2012	2012	c-r-t	1	Standard	c-r-osid	4869	"SENATE DISTRICT 039"	552	392741.33
s=NC&c-exi=1&c-r-ot=S&c-r-id=7832	s	NC	NC	y	2004	2004	c-r-t	1	Standard	c-r-osid	4836	"SENATE DISTRICT 006"	866	389864.50
s=NC&c-exi=1&c-r-ot=S&c-r-id=4902	s	NC	NC	y	2000	2000	c-r-t	1	Standard	c-r-osid	4853	"SENATE DISTRICT 023"	376	388740.00
s=NC&c-exi=1&c-r-ot=S&c-r-id=36326	s	NC	NC	y	2010	2010	c-r-t	1	Standard	c-r-osid	4846	"SENATE DISTRICT 016"	1018	382001.28
s=NC&c-exi=1&c-r-ot=S&c-r-id=38852	s	NC	NC	y	2012	2012	c-r-t	1	Standard	c-r-osid	4838	"SENATE DISTRICT 008"	812	381884.03
s=NC&c-exi=1&c-r-ot=S&c-r-id=27018	s	NC	NC	y	1998	1998	c-r-t	1	Standard	c-r-osid	4850	"SENATE DISTRICT 020"	613	368571.64
s=NC&c-exi=1&c-r-ot=S&c-r-id=1056	s	NC	NC	y	2002	2002	c-r-t	1	Standard	c-r-osid	4836	"SENATE DISTRICT 006"	697	368078.60
s=NC&c-exi=1&c-r-ot=S&c-r-id=7830	s	NC	NC	y	2004	2004	c-r-t	1	Standard	c-r-osid	4846	"SENATE DISTRICT 016"	1492	367359.06
s=NC&c-exi=1&c-r-ot=S&c-r-id=6950	s	NC	NC	y	1998	1998	c-r-t	1	Standard	c-r-osid	4854	"SENATE DISTRICT 024"	386	356267.85
s=NC&c-exi=1&c-r-ot=S&c-r-id=18005	s	NC	NC	y	2002	2002	c-r-t	1	Standard	c-r-osid	4837	"SENATE DISTRICT 007"	619	354938.82
s=NC&c-exi=1&c-r-ot=S&c-r-id=1023	s	NC	NC	y	2002	2002	c-r-t	1	Standard	c-r-osid	4852	"SENATE DISTRICT 022"	659	353838.02
s=NC&c-exi=1&c-r-ot=S&c-r-id=10737	s	NC	NC	y	2008	2008	c-r-t	1	Standard	c-r-osid	4875	"SENATE DISTRICT 045"	839	346853.56
s=NC&c-exi=1&c-r-ot=S&c-r-id=23634	s	NC	NC	y	2000	2000	c-r-t	1	Standard	c-r-osid	4840	"SENATE DISTRICT 010"	582	343794.00
s=NC&c-exi=1&c-r-ot=S&c-r-id=28305	s	NC	NC	y	2004	2004	c-r-t	1	Standard	c-r-osid	4857	"SENATE DISTRICT 027"	979	341182.21
s=NC&c-exi=1&c-r-ot=S&c-r-id=23588	s	NC	NC	y	1996	1996	c-r-t	1	Standard	c-r-osid	4850	"SENATE DISTRICT 020"	851	341069.27
s=NC&c-exi=1&c-r-ot=S&c-r-id=28303	s	NC	NC	y	2004	2004	c-r-t	1	Standard	c-r-osid	4847	"SENATE DISTRICT 017"	574	338194.88
s=NC&c-exi=1&c-r-ot=S&c-r-id=14860	s	NC	NC	y	2012	2012	c-r-t	1	Standard	c-r-osid	4871	"SENATE DISTRICT 041"	679	337829.37
s=NC&c-exi=1&c-r-ot=S&c-r-id=70694	s	NC	NC	y	2016	2016	c-r-t	1	Standard	c-r-osid	4844	"SENATE DISTRICT 014"	421	332625.89
s=NC&c-exi=1&c-r-ot=S&c-r-id=28309	s	NC	NC	y	2004	2004	c-r-t	1	Standard	c-r-osid	4873	"SENATE DISTRICT 043"	512	332283.96
s=NC&c-exi=1&c-r-ot=S&c-r-id=12774	s	NC	NC	y	2010	2010	c-r-t	1	Standard	c-r-osid	4862	"SENATE DISTRICT 032"	496	331572.85
s=NC&c-exi=1&c-r-ot=S&c-r-id=6952	s	NC	NC	y	1998	1998	c-r-t	1	Standard	c-r-osid	4864	"SENATE DISTRICT 034"	622	330066.66
s=NC&c-exi=1&c-r-ot=S&c-r-id=1069	s	NC	NC	y	2002	2002	c-r-t	1	Standard	c-r-osid	4835	"SENATE DISTRICT 005"	350	328515.20
s=NC&c-exi=1&c-r-ot=S&c-r-id=31348	s	NC	NC	y	2006	2006	c-r-t	1	Standard	c-r-osid	4872	"SENATE DISTRICT 042"	521	326930.84
s=NC&c-exi=1&c-r-ot=S&c-r-id=49636	s	NC	NC	y	2006	2006	c-r-t	1	Standard	c-r-osid	4873	"SENATE DISTRICT 043"	315	325453.88
s=NC&c-exi=1&c-r-ot=S&c-r-id=14847	s	NC	NC	y	2012	2012	c-r-t	1	Standard	c-r-osid	4855	"SENATE DISTRICT 025"	571	323393.12
s=NC&c-exi=1&c-r-ot=S&c-r-id=31354	s	NC	NC	y	2006	2006	c-r-t	1	Standard	c-r-osid	4841	"SENATE DISTRICT 011"	649	323081.02
s=NC&c-exi=1&c-r-ot=S&c-r-id=1046	s	NC	NC	y	2002	2002	c-r-t	1	Standard	c-r-osid	4840	"SENATE DISTRICT 010"	533	322894.09
s=NC&c-exi=1&c-r-ot=S&c-r-id=70692	s	NC	NC	y	2016	2016	c-r-t	1	Standard	c-r-osid	4869	"SENATE DISTRICT 039"	1186	322251.99
s=NC&c-exi=1&c-r-ot=S&c-r-id=70748	s	NC	NC	y	2016	2016	c-r-t	1	Standard	c-r-osid	4880	"SENATE DISTRICT 050"	1157	319466.95
s=NC&c-exi=1&c-r-ot=S&c-r-id=14843	s	NC	NC	y	2012	2012	c-r-t	1	Standard	c-r-osid	4842	"SENATE DISTRICT 012"	955	317499.11
s=NC&c-exi=1&c-r-ot=S&c-r-id=12785	s	NC	NC	y	2010	2010	c-r-t	1	Standard	c-r-osid	4873	"SENATE DISTRICT 043"	542	317358.19
s=NC&c-exi=1&c-r-ot=S&c-r-id=61111	s	NC	NC	y	2014	2014	c-r-t	1	Standard	c-r-osid	4879	"SENATE DISTRICT 049"	778	315651.84
s=NC&c-exi=1&c-r-ot=S&c-r-id=12767	s	NC	NC	y	2010	2010	c-r-t	1	Standard	c-r-osid	4837	"SENATE DISTRICT 007"	954	315313.49
s=NC&c-exi=1&c-r-ot=S&c-r-id=23589	s	NC	NC	y	1996	1996	c-r-t	1	Standard	c-r-osid	4845	"SENATE DISTRICT 015"	425	312655.85
s=NC&c-exi=1&c-r-ot=S&c-r-id=27016	s	NC	NC	y	1998	1998	c-r-t	1	Standard	c-r-osid	4845	"SENATE DISTRICT 015"	155	310280.60
s=NC&c-exi=1&c-r-ot=S&c-r-id=61079	s	NC	NC	y	2014	2014	c-r-t	1	Standard	c-r-osid	4847	"SENATE DISTRICT 017"	494	303660.25
s=NC&c-exi=1&c-r-ot=S&c-r-id=23644	s	NC	NC	y	2000	2000	c-r-t	1	Standard	c-r-osid	4864	"SENATE DISTRICT 034"	416	303133.00
s=NC&c-exi=1&c-r-ot=S&c-r-id=4882	s	NC	NC	y	1996	1996	c-r-t	1	Standard	c-r-osid	4865	"SENATE DISTRICT 035"	582	302179.64
s=NC&c-exi=1&c-r-ot=S&c-r-id=17937	s	NC	NC	y	2002	2002	c-r-t	1	Standard	c-r-osid	4876	"SENATE DISTRICT 046"	606	301654.71
s=NC&c-exi=1&c-r-ot=S&c-r-id=14864	s	NC	NC	y	2012	2012	c-r-t	1	Standard	c-r-osid	4879	"SENATE DISTRICT 049"	510	301264.40
s=NC&c-exi=1&c-r-ot=S&c-r-id=49633	s	NC	NC	y	2006	2006	c-r-t	1	Standard	c-r-osid	4857	"SENATE DISTRICT 027"	797	298125.22
s=NC&c-exi=1&c-r-ot=S&c-r-id=70720	s	NC	NC	y	2016	2016	c-r-t	1	Standard	c-r-osid	4874	"SENATE DISTRICT 044"	566	297557.53
s=NC&c-exi=1&c-r-ot=S&c-r-id=53238	s	NC	NC	y	2010	2010	c-r-t	1	Standard	c-r-osid	4869	"SENATE DISTRICT 039"	571	296432.77
s=NC&c-exi=1&c-r-ot=S&c-r-id=27022	s	NC	NC	y	1998	1998	c-r-t	1	Standard	c-r-osid	4862	"SENATE DISTRICT 032"	560	294830.95
s=NC&c-exi=1&c-r-ot=S&c-r-id=28314	s	NC	NC	y	2004	2004	c-r-t	1	Standard	c-r-osid	4869	"SENATE DISTRICT 039"	610	293685.60
s=NC&c-exi=1&c-r-ot=S&c-r-id=9784	s	NC	NC	y	2006	2006	c-r-t	1	Standard	c-r-osid	4856	"SENATE DISTRICT 026"	370	292730.20
s=NC&c-exi=1&c-r-ot=S&c-r-id=17984	s	NC	NC	y	2002	2002	c-r-t	1	Standard	c-r-osid	4879	"SENATE DISTRICT 049"	336	290288.64
s=NC&c-exi=1&c-r-ot=S&c-r-id=38858	s	NC	NC	y	2012	2012	c-r-t	1	Standard	c-r-osid	4861	"SENATE DISTRICT 031"	316	289427.35
s=NC&c-exi=1&c-r-ot=S&c-r-id=7803	s	NC	NC	y	2004	2004	c-r-t	1	Standard	c-r-osid	4837	"SENATE DISTRICT 007"	602	286199.48
s=NC&c-exi=1&c-r-ot=S&c-r-id=36325	s	NC	NC	y	2010	2010	c-r-t	1	Standard	c-r-osid	4878	"SENATE DISTRICT 048"	341	281075.35
s=NC&c-exi=1&c-r-ot=S&c-r-id=4879	s	NC	NC	y	1996	1996	c-r-t	1	Standard	c-r-osid	4847	"SENATE DISTRICT 017"	644	277250.84
s=NC&c-exi=1&c-r-ot=S&c-r-id=61103	s	NC	NC	y	2014	2014	c-r-t	1	Standard	c-r-osid	4871	"SENATE DISTRICT 041"	516	276935.95
s=NC&c-exi=1&c-r-ot=S&c-r-id=48596	s	NC	NC	y	2004	2004	c-r-t	1	Standard	c-r-osid	4849	"SENATE DISTRICT 019"	279	274702.88
s=NC&c-exi=1&c-r-ot=S&c-r-id=1083	s	NC	NC	y	2002	2002	c-r-t	1	Standard	c-r-osid	4853	"SENATE DISTRICT 023"	1252	270838.77
s=NC&c-exi=1&c-r-ot=S&c-r-id=7838	s	NC	NC	y	2004	2004	c-r-t	1	Standard	c-r-osid	4871	"SENATE DISTRICT 041"	469	267918.13
s=NC&c-exi=1&c-r-ot=S&c-r-id=17986	s	NC	NC	y	2002	2002	c-r-t	1	Standard	c-r-osid	4841	"SENATE DISTRICT 011"	576	267240.28
s=NC&c-exi=1&c-r-ot=S&c-r-id=61109	s	NC	NC	y	2014	2014	c-r-t	1	Standard	c-r-osid	4877	"SENATE DISTRICT 047"	290	260069.54
s=NC&c-exi=1&c-r-ot=S&c-r-id=61076	s	NC	NC	y	2014	2014	c-r-t	1	Standard	c-r-osid	4844	"SENATE DISTRICT 014"	242	259591.59
s=NC&c-exi=1&c-r-ot=S&c-r-id=12771	s	NC	NC	y	2010	2010	c-r-t	1	Standard	c-r-osid	4851	"SENATE DISTRICT 021"	539	258931.46
s=NC&c-exi=1&c-r-ot=S&c-r-id=51209	s	NC	NC	y	2008	2008	c-r-t	1	Standard	c-r-osid	4862	"SENATE DISTRICT 032"	327	255568.52
s=NC&c-exi=1&c-r-ot=S&c-r-id=14861	s	NC	NC	y	2012	2012	c-r-t	1	Standard	c-r-osid	4874	"SENATE DISTRICT 044"	603	255436.58
s=NC&c-exi=1&c-r-ot=S&c-r-id=4874	s	NC	NC	y	1996	1996	c-r-t	1	Standard	c-r-osid	4854	"SENATE DISTRICT 024"	486	254808.62
s=NC&c-exi=1&c-r-ot=S&c-r-id=7825	s	NC	NC	y	2004	2004	c-r-t	1	Standard	c-r-osid	4833	"SENATE DISTRICT 003"	695	251461.14
s=NC&c-exi=1&c-r-ot=S&c-r-id=1019	s	NC	NC	y	2002	2002	c-r-t	1	Standard	c-r-osid	4859	"SENATE DISTRICT 029"	761	250712.05
s=NC&c-exi=1&c-r-ot=S&c-r-id=6943	s	NC	NC	y	1998	1998	c-r-t	1	Standard	c-r-osid	4859	"SENATE DISTRICT 029"	304	250295.46
s=NC&c-exi=1&c-r-ot=S&c-r-id=33119	s	NC	NC	y	2008	2008	c-r-t	1	Standard	c-r-osid	4845	"SENATE DISTRICT 015"	651	249924.95
s=NC&c-exi=1&c-r-ot=S&c-r-id=14853	s	NC	NC	y	2012	2012	c-r-t	1	Standard	c-r-osid	4840	"SENATE DISTRICT 010"	586	249193.52
s=NC&c-exi=1&c-r-ot=S&c-r-id=10703	s	NC	NC	y	2008	2008	c-r-t	1	Standard	c-r-osid	4843	"SENATE DISTRICT 013"	693	247337.76
s=NC&c-exi=1&c-r-ot=S&c-r-id=4880	s	NC	NC	y	1996	1996	c-r-t	1	Standard	c-r-osid	4833	"SENATE DISTRICT 003"	533	245549.91
s=NC&c-exi=1&c-r-ot=S&c-r-id=7778	s	NC	NC	y	2004	2004	c-r-t	1	Standard	c-r-osid	4840	"SENATE DISTRICT 010"	446	241653.92
s=NC&c-exi=1&c-r-ot=S&c-r-id=27013	s	NC	NC	y	1998	1998	c-r-t	1	Standard	c-r-osid	4839	"SENATE DISTRICT 009"	263	241226.28
s=NC&c-exi=1&c-r-ot=S&c-r-id=27024	s	NC	NC	y	1998	1998	c-r-t	1	Standard	c-r-osid	4867	"SENATE DISTRICT 037"	389	240606.47
s=NC&c-exi=1&c-r-ot=S&c-r-id=53236	s	NC	NC	y	2010	2010	c-r-t	1	Standard	c-r-osid	4861	"SENATE DISTRICT 031"	293	239777.64
s=NC&c-exi=1&c-r-ot=S&c-r-id=31367	s	NC	NC	y	2006	2006	c-r-t	1	Standard	c-r-osid	4835	"SENATE DISTRICT 005"	600	238723.93
s=NC&c-exi=1&c-r-ot=S&c-r-id=33124	s	NC	NC	y	2008	2008	c-r-t	1	Standard	c-r-osid	4880	"SENATE DISTRICT 050"	472	238543.15
s=NC&c-exi=1&c-r-ot=S&c-r-id=7783	s	NC	NC	y	2004	2004	c-r-t	1	Standard	c-r-osid	4862	"SENATE DISTRICT 032"	638	237697.84
s=NC&c-exi=1&c-r-ot=S&c-r-id=70850	s	NC	NC	y	2016	2016	c-r-t	1	Standard	c-r-osid	4859	"SENATE DISTRICT 029"	435	236166.81
s=NC&c-exi=1&c-r-ot=S&c-r-id=4881	s	NC	NC	y	1996	1996	c-r-t	1	Standard	c-r-osid	4864	"SENATE DISTRICT 034"	604	226394.34
s=NC&c-exi=1&c-r-ot=S&c-r-id=7831	s	NC	NC	y	2004	2004	c-r-t	1	Standard	c-r-osid	4870	"SENATE DISTRICT 040"	1192	225665.07
s=NC&c-exi=1&c-r-ot=S&c-r-id=8815	s	NC	NC	y	2006	2006	c-r-t	1	Standard	c-r-osid	4875	"SENATE DISTRICT 045"	628	224215.98
s=NC&c-exi=1&c-r-ot=S&c-r-id=61091	s	NC	NC	y	2014	2014	c-r-t	1	Standard	c-r-osid	4859	"SENATE DISTRICT 029"	624	222456.97
s=NC&c-exi=1&c-r-ot=S&c-r-id=12776	s	NC	NC	y	2010	2010	c-r-t	1	Standard	c-r-osid	4874	"SENATE DISTRICT 044"	593	220670.75
s=NC&c-exi=1&c-r-ot=S&c-r-id=51193	s	NC	NC	y	2008	2008	c-r-t	1	Standard	c-r-osid	4878	"SENATE DISTRICT 048"	287	219440.00
s=NC&c-exi=1&c-r-ot=S&c-r-id=23642	s	NC	NC	y	2000	2000	c-r-t	1	Standard	c-r-osid	4867	"SENATE DISTRICT 037"	504	218980.00
s=NC&c-exi=1&c-r-ot=S&c-r-id=23586	s	NC	NC	y	1996	1996	c-r-t	1	Standard	c-r-osid	4851	"SENATE DISTRICT 021"	429	218695.56
s=NC&c-exi=1&c-r-ot=S&c-r-id=28333	s	NC	NC	y	2004	2004	c-r-t	1	Standard	c-r-osid	4841	"SENATE DISTRICT 011"	524	217464.41
s=NC&c-exi=1&c-r-ot=S&c-r-id=23652	s	NC	NC	y	2000	2000	c-r-t	1	Standard	c-r-osid	4841	"SENATE DISTRICT 011"	317	215890.00
s=NC&c-exi=1&c-r-ot=S&c-r-id=28343	s	NC	NC	y	2004	2004	c-r-t	1	Standard	c-r-osid	4838	"SENATE DISTRICT 008"	702	213442.82
s=NC&c-exi=1&c-r-ot=S&c-r-id=49653	s	NC	NC	y	2006	2006	c-r-t	1	Standard	c-r-osid	4869	"SENATE DISTRICT 039"	398	212813.00
s=NC&c-exi=1&c-r-ot=S&c-r-id=7805	s	NC	NC	y	2004	2004	c-r-t	1	Standard	c-r-osid	4874	"SENATE DISTRICT 044"	178	212708.29
s=NC&c-exi=1&c-r-ot=S&c-r-id=49608	s	NC	NC	y	2006	2006	c-r-t	1	Standard	c-r-osid	4878	"SENATE DISTRICT 048"	288	211978.41
s=NC&c-exi=1&c-r-ot=S&c-r-id=51196	s	NC	NC	y	2008	2008	c-r-t	1	Standard	c-r-osid	4856	"SENATE DISTRICT 026"	212	208705.00
s=NC&c-exi=1&c-r-ot=S&c-r-id=1063	s	NC	NC	y	2002	2002	c-r-t	1	Standard	c-r-osid	4833	"SENATE DISTRICT 003"	579	207651.89
s=NC&c-exi=1&c-r-ot=S&c-r-id=14857	s	NC	NC	y	2012	2012	c-r-t	1	Standard	c-r-osid	4857	"SENATE DISTRICT 027"	712	207443.94
s=NC&c-exi=1&c-r-ot=S&c-r-id=31331	s	NC	NC	y	2006	2006	c-r-t	1	Standard	c-r-osid	4845	"SENATE DISTRICT 015"	817	207116.37
s=NC&c-exi=1&c-r-ot=S&c-r-id=10717	s	NC	NC	y	2008	2008	c-r-t	1	Standard	c-r-osid	4866	"SENATE DISTRICT 036"	365	206895.04
s=NC&c-exi=1&c-r-ot=S&c-r-id=27014	s	NC	NC	y	1998	1998	c-r-t	1	Standard	c-r-osid	4841	"SENATE DISTRICT 011"	162	204281.87
s=NC&c-exi=1&c-r-ot=S&c-r-id=61073	s	NC	NC	y	2014	2014	c-r-t	1	Standard	c-r-osid	4841	"SENATE DISTRICT 011"	268	203806.42
s=NC&c-exi=1&c-r-ot=S&c-r-id=36331	s	NC	NC	y	2010	2010	c-r-t	1	Standard	c-r-osid	4857	"SENATE DISTRICT 027"	647	203795.94
s=NC&c-exi=1&c-r-ot=S&c-r-id=61074	s	NC	NC	y	2014	2014	c-r-t	1	Standard	c-r-osid	4842	"SENATE DISTRICT 012"	240	203419.44
s=NC&c-exi=1&c-r-ot=S&c-r-id=14858	s	NC	NC	y	2012	2012	c-r-t	1	Standard	c-r-osid	4859	"SENATE DISTRICT 029"	449	203003.58
s=NC&c-exi=1&c-r-ot=S&c-r-id=36317	s	NC	NC	y	2010	2010	c-r-t	1	Standard	c-r-osid	4832	"SENATE DISTRICT 002"	754	202561.92
s=NC&c-exi=1&c-r-ot=S&c-r-id=36319	s	NC	NC	y	2010	2010	c-r-t	1	Standard	c-r-osid	4842	"SENATE DISTRICT 012"	695	201609.39
s=NC&c-exi=1&c-r-ot=S&c-r-id=10695	s	NC	NC	y	2008	2008	c-r-t	1	Standard	c-r-osid	4872	"SENATE DISTRICT 042"	391	201597.26
s=NC&c-exi=1&c-r-ot=S&c-r-id=70821	s	NC	NC	y	2016	2016	c-r-t	1	Standard	c-r-osid	4879	"SENATE DISTRICT 049"	658	200618.14
s=NC&c-exi=1&c-r-ot=S&c-r-id=61086	s	NC	NC	y	2014	2014	c-r-t	1	Standard	c-r-osid	4854	"SENATE DISTRICT 024"	291	200041.14
s=NC&c-exi=1&c-r-ot=S&c-r-id=23651	s	NC	NC	y	2000	2000	c-r-t	1	Standard	c-r-osid	4862	"SENATE DISTRICT 032"	458	199247.00
s=NC&c-exi=1&c-r-ot=S&c-r-id=14854	s	NC	NC	y	2012	2012	c-r-t	1	Standard	c-r-osid	4841	"SENATE DISTRICT 011"	513	198354.13
s=NC&c-exi=1&c-r-ot=S&c-r-id=70783	s	NC	NC	y	2016	2016	c-r-t	1	Standard	c-r-osid	4854	"SENATE DISTRICT 024"	207	198083.61
s=NC&c-exi=1&c-r-ot=S&c-r-id=31324	s	NC	NC	y	2006	2006	c-r-t	1	Standard	c-r-osid	4840	"SENATE DISTRICT 010"	450	197429.90
s=NC&c-exi=1&c-r-ot=S&c-r-id=61089	s	NC	NC	y	2014	2014	c-r-t	1	Standard	c-r-osid	4857	"SENATE DISTRICT 027"	411	194070.64
s=NC&c-exi=1&c-r-ot=S&c-r-id=23657	s	NC	NC	y	2000	2000	c-r-t	1	Standard	c-r-osid	4835	"SENATE DISTRICT 005"	309	193058.00
s=NC&c-exi=1&c-r-ot=S&c-r-id=61069	s	NC	NC	y	2014	2014	c-r-t	1	Standard	c-r-osid	4837	"SENATE DISTRICT 007"	284	192230.51
s=NC&c-exi=1&c-r-ot=S&c-r-id=53233	s	NC	NC	y	2010	2010	c-r-t	1	Standard	c-r-osid	4836	"SENATE DISTRICT 006"	252	189550.80
s=NC&c-exi=1&c-r-ot=S&c-r-id=61098	s	NC	NC	y	2014	2014	c-r-t	1	Standard	c-r-osid	4866	"SENATE DISTRICT 036"	190	189106.29
s=NC&c-exi=1&c-r-ot=S&c-r-id=6949	s	NC	NC	y	1998	1998	c-r-t	1	Standard	c-r-osid	4853	"SENATE DISTRICT 023"	273	187497.47
s=NC&c-exi=1&c-r-ot=S&c-r-id=23659	s	NC	NC	y	2000	2000	c-r-t	1	Standard	c-r-osid	4838	"SENATE DISTRICT 008"	385	187032.00
s=NC&c-exi=1&c-r-ot=S&c-r-id=4870	s	NC	NC	y	1996	1996	c-r-t	1	Standard	c-r-osid	4839	"SENATE DISTRICT 009"	369	186019.14
s=NC&c-exi=1&c-r-ot=S&c-r-id=36328	s	NC	NC	y	2010	2010	c-r-t	1	Standard	c-r-osid	4844	"SENATE DISTRICT 014"	305	185543.64
s=NC&c-exi=1&c-r-ot=S&c-r-id=51236	s	NC	NC	y	2008	2008	c-r-t	1	Standard	c-r-osid	4841	"SENATE DISTRICT 011"	357	184680.53
s=NC&c-exi=1&c-r-ot=S&c-r-id=49632	s	NC	NC	y	2006	2006	c-r-t	1	Standard	c-r-osid	4862	"SENATE DISTRICT 032"	356	184493.71
s=NC&c-exi=1&c-r-ot=S&c-r-id=4867	s	NC	NC	y	1996	1996	c-r-t	1	Standard	c-r-osid	4842	"SENATE DISTRICT 012"	411	184476.78
s=NC&c-exi=1&c-r-ot=S&c-r-id=23624	s	NC	NC	y	2000	2000	c-r-t	1	Standard	c-r-osid	4859	"SENATE DISTRICT 029"	164	182400.00
s=NC&c-exi=1&c-r-ot=S&c-r-id=23590	s	NC	NC	y	1996	1996	c-r-t	1	Standard	c-r-osid	4855	"SENATE DISTRICT 025"	402	182109.26
s=NC&c-exi=1&c-r-ot=S&c-r-id=12783	s	NC	NC	y	2010	2010	c-r-t	1	Standard	c-r-osid	4867	"SENATE DISTRICT 037"	267	181797.34
s=NC&c-exi=1&c-r-ot=S&c-r-id=10747	s	NC	NC	y	2008	2008	c-r-t	1	Standard	c-r-osid	4833	"SENATE DISTRICT 003"	269	178631.51
s=NC&c-exi=1&c-r-ot=S&c-r-id=10692	s	NC	NC	y	2008	2008	c-r-t	1	Standard	c-r-osid	4844	"SENATE DISTRICT 014"	370	177377.45
s=NC&c-exi=1&c-r-ot=S&c-r-id=55170	s	NC	NC	y	2012	2012	c-r-t	1	Standard	c-r-osid	4866	"SENATE DISTRICT 036"	226	173832.38
s=NC&c-exi=1&c-r-ot=S&c-r-id=4869	s	NC	NC	y	1996	1996	c-r-t	1	Standard	c-r-osid	4862	"SENATE DISTRICT 032"	338	173283.10
s=NC&c-exi=1&c-r-ot=S&c-r-id=28338	s	NC	NC	y	2004	2004	c-r-t	1	Standard	c-r-osid	4878	"SENATE DISTRICT 048"	647	172993.83
s=NC&c-exi=1&c-r-ot=S&c-r-id=23584	s	NC	NC	y	1996	1996	c-r-t	1	Standard	c-r-osid	4858	"SENATE DISTRICT 028"	449	172532.21
s=NC&c-exi=1&c-r-ot=S&c-r-id=12770	s	NC	NC	y	2010	2010	c-r-t	1	Standard	c-r-osid	4843	"SENATE DISTRICT 013"	290	171755.06
s=NC&c-exi=1&c-r-ot=S&c-r-id=33147	s	NC	NC	y	2008	2008	c-r-t	1	Standard	c-r-osid	4857	"SENATE DISTRICT 027"	511	168764.13
s=NC&c-exi=1&c-r-ot=S&c-r-id=61090	s	NC	NC	y	2014	2014	c-r-t	1	Standard	c-r-osid	4858	"SENATE DISTRICT 028"	431	168391.62
s=NC&c-exi=1&c-r-ot=S&c-r-id=12772	s	NC	NC	y	2010	2010	c-r-t	1	Standard	c-r-osid	4858	"SENATE DISTRICT 028"	970	167521.41
s=NC&c-exi=1&c-r-ot=S&c-r-id=27012	s	NC	NC	y	1998	1998	c-r-t	1	Standard	c-r-osid	4838	"SENATE DISTRICT 008"	272	166935.98
s=NC&c-exi=1&c-r-ot=S&c-r-id=36320	s	NC	NC	y	2010	2010	c-r-t	1	Standard	c-r-osid	4845	"SENATE DISTRICT 015"	612	166599.74
s=NC&c-exi=1&c-r-ot=S&c-r-id=36324	s	NC	NC	y	2010	2010	c-r-t	1	Standard	c-r-osid	4866	"SENATE DISTRICT 036"	242	166462.00
s=NC&c-exi=1&c-r-ot=S&c-r-id=61064	s	NC	NC	y	2014	2014	c-r-t	1	Standard	c-r-osid	4832	"SENATE DISTRICT 002"	584	166082.90
s=NC&c-exi=1&c-r-ot=S&c-r-id=1020	s	NC	NC	y	2002	2002	c-r-t	1	Standard	c-r-osid	4865	"SENATE DISTRICT 035"	293	163925.48
s=NC&c-exi=1&c-r-ot=S&c-r-id=18004	s	NC	NC	y	2002	2002	c-r-t	1	Standard	c-r-osid	4880	"SENATE DISTRICT 050"	372	163184.88
s=NC&c-exi=1&c-r-ot=S&c-r-id=61066	s	NC	NC	y	2014	2014	c-r-t	1	Standard	c-r-osid	4834	"SENATE DISTRICT 004"	441	162749.86
s=NC&c-exi=1&c-r-ot=S&c-r-id=61105	s	NC	NC	y	2014	2014	c-r-t	1	Standard	c-r-osid	4873	"SENATE DISTRICT 043"	193	160484.17
s=NC&c-exi=1&c-r-ot=S&c-r-id=70853	s	NC	NC	y	2016	2016	c-r-t	1	Standard	c-r-osid	4872	"SENATE DISTRICT 042"	265	160235.86
s=NC&c-exi=1&c-r-ot=S&c-r-id=23598	s	NC	NC	y	2000	2000	c-r-t	1	Standard	c-r-osid	4839	"SENATE DISTRICT 009"	301	159958.00
s=NC&c-exi=1&c-r-ot=S&c-r-id=23583	s	NC	NC	y	1996	1996	c-r-t	1	Standard	c-r-osid	4838	"SENATE DISTRICT 008"	309	159875.22
s=NC&c-exi=1&c-r-ot=S&c-r-id=61104	s	NC	NC	y	2014	2014	c-r-t	1	Standard	c-r-osid	4872	"SENATE DISTRICT 042"	513	159292.54
s=NC&c-exi=1&c-r-ot=S&c-r-id=4871	s	NC	NC	y	1996	1996	c-r-t	1	Standard	c-r-osid	4867	"SENATE DISTRICT 037"	306	156606.99
s=NC&c-exi=1&c-r-ot=S&c-r-id=10712	s	NC	NC	y	2008	2008	c-r-t	1	Standard	c-r-osid	4855	"SENATE DISTRICT 025"	269	154595.15
s=NC&c-exi=1&c-r-ot=S&c-r-id=70678	s	NC	NC	y	2016	2016	c-r-t	1	Standard	c-r-osid	4875	"SENATE DISTRICT 045"	502	153698.42
s=NC&c-exi=1&c-r-ot=S&c-r-id=4876	s	NC	NC	y	1996	1996	c-r-t	1	Standard	c-r-osid	4835	"SENATE DISTRICT 005"	334	151928.12
s=NC&c-exi=1&c-r-ot=S&c-r-id=6939	s	NC	NC	y	1998	1998	c-r-t	1	Standard	c-r-osid	4842	"SENATE DISTRICT 012"	343	150406.17
s=NC&c-exi=1&c-r-ot=S&c-r-id=61108	s	NC	NC	y	2014	2014	c-r-t	1	Standard	c-r-osid	4876	"SENATE DISTRICT 046"	415	150273.06
s=NC&c-exi=1&c-r-ot=S&c-r-id=9801	s	NC	NC	y	2006	2006	c-r-t	1	Standard	c-r-osid	4833	"SENATE DISTRICT 003"	199	149275.56
s=NC&c-exi=1&c-r-ot=S&c-r-id=4934	s	NC	NC	y	2000	2000	c-r-t	1	Standard	c-r-osid	4842	"SENATE DISTRICT 012"	269	148778.00
s=NC&c-exi=1&c-r-ot=S&c-r-id=36330	s	NC	NC	y	2010	2010	c-r-t	1	Standard	c-r-osid	4855	"SENATE DISTRICT 025"	311	148537.72
s=NC&c-exi=1&c-r-ot=S&c-r-id=31347	s	NC	NC	y	2006	2006	c-r-t	1	Standard	c-r-osid	4866	"SENATE DISTRICT 036"	300	148077.20
s=NC&c-exi=1&c-r-ot=S&c-r-id=23600	s	NC	NC	y	2000	2000	c-r-t	1	Standard	c-r-osid	4865	"SENATE DISTRICT 035"	367	147591.00
s=NC&c-exi=1&c-r-ot=S&c-r-id=9772	s	NC	NC	y	2006	2006	c-r-t	1	Standard	c-r-osid	4843	"SENATE DISTRICT 013"	500	146465.70
s=NC&c-exi=1&c-r-ot=S&c-r-id=31338	s	NC	NC	y	2006	2006	c-r-t	1	Standard	c-r-osid	4844	"SENATE DISTRICT 014"	267	146349.82
s=NC&c-exi=1&c-r-ot=S&c-r-id=1068	s	NC	NC	y	2002	2002	c-r-t	1	Standard	c-r-osid	4838	"SENATE DISTRICT 008"	369	145941.31
s=NC&c-exi=1&c-r-ot=S&c-r-id=70670	s	NC	NC	y	2016	2016	c-r-t	1	Standard	c-r-osid	4866	"SENATE DISTRICT 036"	141	145312.06
s=NC&c-exi=1&c-r-ot=S&c-r-id=19615	s	NC	NC	y	2002	2002	c-r-t	1	Standard	c-r-osid	4848	"SENATE DISTRICT 018"	430	143390.52
s=NC&c-exi=1&c-r-ot=S&c-r-id=7785	s	NC	NC	y	2004	2004	c-r-t	1	Standard	c-r-osid	4844	"SENATE DISTRICT 014"	217	142397.52
s=NC&c-exi=1&c-r-ot=S&c-r-id=33092	s	NC	NC	y	2008	2008	c-r-t	1	Standard	c-r-osid	4867	"SENATE DISTRICT 037"	125	139519.94
s=NC&c-exi=1&c-r-ot=S&c-r-id=23627	s	NC	NC	y	2000	2000	c-r-t	1	Standard	c-r-osid	4845	"SENATE DISTRICT 015"	194	137804.00
s=NC&c-exi=1&c-r-ot=S&c-r-id=61097	s	NC	NC	y	2014	2014	c-r-t	1	Standard	c-r-osid	4865	"SENATE DISTRICT 035"	177	136008.28
s=NC&c-exi=1&c-r-ot=S&c-r-id=48605	s	NC	NC	y	2004	2004	c-r-t	1	Standard	c-r-osid	4843	"SENATE DISTRICT 013"	468	133682.00
s=NC&c-exi=1&c-r-ot=S&c-r-id=23647	s	NC	NC	y	2000	2000	c-r-t	1	Standard	c-r-osid	4860	"SENATE DISTRICT 030"	430	133209.00
s=NC&c-exi=1&c-r-ot=S&c-r-id=10721	s	NC	NC	y	2008	2008	c-r-t	1	Standard	c-r-osid	4852	"SENATE DISTRICT 022"	439	131210.40
s=NC&c-exi=1&c-r-ot=S&c-r-id=45562	s	NC	NC	y	2000	2000	c-r-t	1	Standard	c-r-osid	4855	"SENATE DISTRICT 025"	218	131050.00
s=NC&c-exi=1&c-r-ot=S&c-r-id=27019	s	NC	NC	y	1998	1998	c-r-t	1	Standard	c-r-osid	4855	"SENATE DISTRICT 025"	232	130384.00
s=NC&c-exi=1&c-r-ot=S&c-r-id=47626	s	NC	NC	y	1998	1998	c-r-t	1	Standard	c-r-osid	4840	"SENATE DISTRICT 010"	182	130119.33
s=NC&c-exi=1&c-r-ot=S&c-r-id=38865	s	NC	NC	y	2012	2012	c-r-t	1	Standard	c-r-osid	4843	"SENATE DISTRICT 013"	265	130067.44
s=NC&c-exi=1&c-r-ot=S&c-r-id=70751	s	NC	NC	y	2016	2016	c-r-t	1	Standard	c-r-osid	4867	"SENATE DISTRICT 037"	692	128530.26
s=NC&c-exi=1&c-r-ot=S&c-r-id=14842	s	NC	NC	y	2012	2012	c-r-t	1	Standard	c-r-osid	4833	"SENATE DISTRICT 003"	235	128240.85
s=NC&c-exi=1&c-r-ot=S&c-r-id=1085	s	NC	NC	y	2002	2002	c-r-t	1	Standard	c-r-osid	4845	"SENATE DISTRICT 015"	56	127897.86
s=NC&c-exi=1&c-r-ot=S&c-r-id=10719	s	NC	NC	y	2008	2008	c-r-t	1	Standard	c-r-osid	4853	"SENATE DISTRICT 023"	758	127661.16
s=NC&c-exi=1&c-r-ot=S&c-r-id=14862	s	NC	NC	y	2012	2012	c-r-t	1	Standard	c-r-osid	4875	"SENATE DISTRICT 045"	457	126677.23
s=NC&c-exi=1&c-r-ot=S&c-r-id=12782	s	NC	NC	y	2010	2010	c-r-t	1	Standard	c-r-osid	4865	"SENATE DISTRICT 035"	193	125817.20
s=NC&c-exi=1&c-r-ot=S&c-r-id=42270	s	NC	NC	y	2002	2002	c-r-t	1	Standard	c-r-osid	4862	"SENATE DISTRICT 032"	338	125382.66
s=NC&c-exi=1&c-r-ot=S&c-r-id=12775	s	NC	NC	y	2010	2010	c-r-t	1	Standard	c-r-osid	4870	"SENATE DISTRICT 040"	445	125296.61
s=NC&c-exi=1&c-r-ot=S&c-r-id=61082	s	NC	NC	y	2014	2014	c-r-t	1	Standard	c-r-osid	4850	"SENATE DISTRICT 020"	203	123925.00
s=NC&c-exi=1&c-r-ot=S&c-r-id=1021	s	NC	NC	y	2002	2002	c-r-t	1	Standard	c-r-osid	4878	"SENATE DISTRICT 048"	228	123041.17
s=NC&c-exi=1&c-r-ot=S&c-r-id=31361	s	NC	NC	y	2006	2006	c-r-t	1	Standard	c-r-osid	4836	"SENATE DISTRICT 006"	355	122338.00
s=NC&c-exi=1&c-r-ot=S&c-r-id=31369	s	NC	NC	y	2006	2006	c-r-t	1	Standard	c-r-osid	4837	"SENATE DISTRICT 007"	443	122059.86
s=NC&c-exi=1&c-r-ot=S&c-r-id=49619	s	NC	NC	y	2006	2006	c-r-t	1	Standard	c-r-osid	4867	"SENATE DISTRICT 037"	139	121170.00
s=NC&c-exi=1&c-r-ot=S&c-r-id=1101	s	NC	NC	y	2002	2002	c-r-t	1	Standard	c-r-osid	4847	"SENATE DISTRICT 017"	287	120106.99
s=NC&c-exi=1&c-r-ot=S&c-r-id=61106	s	NC	NC	y	2014	2014	c-r-t	1	Standard	c-r-osid	4874	"SENATE DISTRICT 044"	393	118870.47
s=NC&c-exi=1&c-r-ot=S&c-r-id=29678	s	NC	NC	y	2004	2004	c-r-t	1	Standard	c-r-osid	4855	"SENATE DISTRICT 025"	175	118759.87
s=NC&c-exi=1&c-r-ot=S&c-r-id=53235	s	NC	NC	y	2010	2010	c-r-t	1	Standard	c-r-osid	4859	"SENATE DISTRICT 029"	338	117718.00
s=NC&c-exi=1&c-r-ot=S&c-r-id=23594	s	NC	NC	y	1996	1996	c-r-t	1	Standard	c-r-osid	4841	"SENATE DISTRICT 011"	123	116495.36
s=NC&c-exi=1&c-r-ot=S&c-r-id=70732	s	NC	NC	y	2016	2016	c-r-t	1	Standard	c-r-osid	4871	"SENATE DISTRICT 041"	132	116083.45
s=NC&c-exi=1&c-r-ot=S&c-r-id=51200	s	NC	NC	y	2008	2008	c-r-t	1	Standard	c-r-osid	4861	"SENATE DISTRICT 031"	144	116040.00
s=NC&c-exi=1&c-r-ot=S&c-r-id=38867	s	NC	NC	y	2012	2012	c-r-t	1	Standard	c-r-osid	4867	"SENATE DISTRICT 037"	138	114032.00
s=NC&c-exi=1&c-r-ot=S&c-r-id=27005	s	NC	NC	y	1998	1998	c-r-t	1	Standard	c-r-osid	4851	"SENATE DISTRICT 021"	233	113058.77
s=NC&c-exi=1&c-r-ot=S&c-r-id=17988	s	NC	NC	y	2002	2002	c-r-t	1	Standard	c-r-osid	4855	"SENATE DISTRICT 025"	324	111743.92
s=NC&c-exi=1&c-r-ot=S&c-r-id=49658	s	NC	NC	y	2006	2006	c-r-t	1	Standard	c-r-osid	4847	"SENATE DISTRICT 017"	221	111480.00
s=NC&c-exi=1&c-r-ot=S&c-r-id=18006	s	NC	NC	y	2002	2002	c-r-t	1	Standard	c-r-osid	4869	"SENATE DISTRICT 039"	210	108416.62
s=NC&c-exi=1&c-r-ot=S&c-r-id=6946	s	NC	NC	y	1998	1998	c-r-t	1	Standard	c-r-osid	4835	"SENATE DISTRICT 005"	218	108012.00
s=NC&c-exi=1&c-r-ot=S&c-r-id=6951	s	NC	NC	y	1998	1998	c-r-t	1	Standard	c-r-osid	4857	"SENATE DISTRICT 027"	250	107854.51
s=NC&c-exi=1&c-r-ot=S&c-r-id=23597	s	NC	NC	y	1996	1996	c-r-t	1	Standard	c-r-osid	4859	"SENATE DISTRICT 029"	230	106867.75
s=NC&c-exi=1&c-r-ot=S&c-r-id=33138	s	NC	NC	y	2008	2008	c-r-t	1	Standard	c-r-osid	4837	"SENATE DISTRICT 007"	264	106613.47
s=NC&c-exi=1&c-r-ot=S&c-r-id=38863	s	NC	NC	y	2012	2012	c-r-t	1	Standard	c-r-osid	4854	"SENATE DISTRICT 024"	261	105644.99
s=NC&c-exi=1&c-r-ot=S&c-r-id=61085	s	NC	NC	y	2014	2014	c-r-t	1	Standard	c-r-osid	4853	"SENATE DISTRICT 023"	907	105630.97
s=NC&c-exi=1&c-r-ot=S&c-r-id=4865	s	NC	NC	y	1996	1996	c-r-t	1	Standard	c-r-osid	4866	"SENATE DISTRICT 036"	134	105164.43
s=NC&c-exi=1&c-r-ot=S&c-r-id=55168	s	NC	NC	y	2012	2012	c-r-t	1	Standard	c-r-osid	4873	"SENATE DISTRICT 043"	215	104314.65
s=NC&c-exi=1&c-r-ot=S&c-r-id=61065	s	NC	NC	y	2014	2014	c-r-t	1	Standard	c-r-osid	4833	"SENATE DISTRICT 003"	173	103243.55
s=NC&c-exi=1&c-r-ot=S&c-r-id=23582	s	NC	NC	y	1996	1996	c-r-t	1	Standard	c-r-osid	4834	"SENATE DISTRICT 004"	241	103228.42
s=NC&c-exi=1&c-r-ot=S&c-r-id=47628	s	NC	NC	y	1998	1998	c-r-t	1	Standard	c-r-osid	4834	"SENATE DISTRICT 004"	201	103040.94
s=NC&c-exi=1&c-r-ot=S&c-r-id=61107	s	NC	NC	y	2014	2014	c-r-t	1	Standard	c-r-osid	4875	"SENATE DISTRICT 045"	272	102913.74
s=NC&c-exi=1&c-r-ot=S&c-r-id=12779	s	NC	NC	y	2010	2010	c-r-t	1	Standard	c-r-osid	4852	"SENATE DISTRICT 022"	289	102900.54
s=NC&c-exi=1&c-r-ot=S&c-r-id=14859	s	NC	NC	y	2012	2012	c-r-t	1	Standard	c-r-osid	4863	"SENATE DISTRICT 033"	164	102812.57
s=NC&c-exi=1&c-r-ot=S&c-r-id=7808	s	NC	NC	y	2004	2004	c-r-t	1	Standard	c-r-osid	4856	"SENATE DISTRICT 026"	310	102560.00
s=NC&c-exi=1&c-r-ot=S&c-r-id=23591	s	NC	NC	y	1996	1996	c-r-t	1	Standard	c-r-osid	4870	"SENATE DISTRICT 040"	320	102383.22
s=NC&c-exi=1&c-r-ot=S&c-r-id=70666	s	NC	NC	y	2016	2016	c-r-t	1	Standard	c-r-osid	4861	"SENATE DISTRICT 031"	139	102302.10
s=NC&c-exi=1&c-r-ot=S&c-r-id=4877	s	NC	NC	y	1996	1996	c-r-t	1	Standard	c-r-osid	4853	"SENATE DISTRICT 023"	221	102197.41
s=NC&c-exi=1&c-r-ot=S&c-r-id=33089	s	NC	NC	y	2008	2008	c-r-t	1	Standard	c-r-osid	4864	"SENATE DISTRICT 034"	97	100729.52
s=NC&c-exi=1&c-r-ot=S&c-r-id=61100	s	NC	NC	y	2014	2014	c-r-t	1	Standard	c-r-osid	4868	"SENATE DISTRICT 038"	253	100672.14
s=NC&c-exi=1&c-r-ot=S&c-r-id=61093	s	NC	NC	y	2014	2014	c-r-t	1	Standard	c-r-osid	4861	"SENATE DISTRICT 031"	275	99327.12
s=NC&c-exi=1&c-r-ot=S&c-r-id=31330	s	NC	NC	y	2006	2006	c-r-t	1	Standard	c-r-osid	4855	"SENATE DISTRICT 025"	199	99263.88
s=NC&c-exi=1&c-r-ot=S&c-r-id=14438	s	NC	NC	y	2012	2012	c-r-t	1	Standard	c-r-osid	4868	"SENATE DISTRICT 038"	389	98444.95
s=NC&c-exi=1&c-r-ot=S&c-r-id=23593	s	NC	NC	y	1996	1996	c-r-t	1	Standard	c-r-osid	4840	"SENATE DISTRICT 010"	231	98431.53
s=NC&c-exi=1&c-r-ot=S&c-r-id=9764	s	NC	NC	y	2006	2006	c-r-t	1	Standard	c-r-osid	4865	"SENATE DISTRICT 035"	145	98202.00
s=NC&c-exi=1&c-r-ot=S&c-r-id=70713	s	NC	NC	y	2016	2016	c-r-t	1	Standard	c-r-osid	4834	"SENATE DISTRICT 004"	420	96874.68
s=NC&c-exi=1&c-r-ot=S&c-r-id=35254	s	NC	NC	y	2008	2008	c-r-t	1	Standard	c-r-osid	4847	"SENATE DISTRICT 017"	164	96050.00
s=NC&c-exi=1&c-r-ot=S&c-r-id=55153	s	NC	NC	y	2012	2012	c-r-t	1	Standard	c-r-osid	4844	"SENATE DISTRICT 014"	102	96008.95
s=NC&c-exi=1&c-r-ot=S&c-r-id=7837	s	NC	NC	y	2004	2004	c-r-t	1	Standard	c-r-osid	4859	"SENATE DISTRICT 029"	288	95659.55
s=NC&c-exi=1&c-r-ot=S&c-r-id=45542	s	NC	NC	y	1996	1996	c-r-t	1	Standard	c-r-osid	4868	"SENATE DISTRICT 038"	215	95045.00
s=NC&c-exi=1&c-r-ot=S&c-r-id=70673	s	NC	NC	y	2016	2016	c-r-t	1	Standard	c-r-osid	4851	"SENATE DISTRICT 021"	129	91124.70
s=NC&c-exi=1&c-r-ot=S&c-r-id=70675	s	NC	NC	y	2016	2016	c-r-t	1	Standard	c-r-osid	4878	"SENATE DISTRICT 048"	323	87720.84
s=NC&c-exi=1&c-r-ot=S&c-r-id=7795	s	NC	NC	y	2004	2004	c-r-t	1	Standard	c-r-osid	4845	"SENATE DISTRICT 015"	297	86793.77
s=NC&c-exi=1&c-r-ot=S&c-r-id=33122	s	NC	NC	y	2008	2008	c-r-t	1	Standard	c-r-osid	4832	"SENATE DISTRICT 002"	283	86527.83
s=NC&c-exi=1&c-r-ot=S&c-r-id=4878	s	NC	NC	y	1996	1996	c-r-t	1	Standard	c-r-osid	4856	"SENATE DISTRICT 026"	134	85527.35
s=NC&c-exi=1&c-r-ot=S&c-r-id=42271	s	NC	NC	y	2002	2002	c-r-t	1	Standard	c-r-osid	4843	"SENATE DISTRICT 013"	370	85493.00
s=NC&c-exi=1&c-r-ot=S&c-r-id=33090	s	NC	NC	y	2008	2008	c-r-t	1	Standard	c-r-osid	4879	"SENATE DISTRICT 049"	167	84350.00
s=NC&c-exi=1&c-r-ot=S&c-r-id=9773	s	NC	NC	y	2006	2006	c-r-t	1	Standard	c-r-osid	4879	"SENATE DISTRICT 049"	243	84069.00
s=NC&c-exi=1&c-r-ot=S&c-r-id=55156	s	NC	NC	y	2012	2012	c-r-t	1	Standard	c-r-osid	4864	"SENATE DISTRICT 034"	101	83096.60
s=NC&c-exi=1&c-r-ot=S&c-r-id=70830	s	NC	NC	y	2016	2016	c-r-t	1	Standard	c-r-osid	4837	"SENATE DISTRICT 007"	95	82825.00
s=NC&c-exi=1&c-r-ot=S&c-r-id=61092	s	NC	NC	y	2014	2014	c-r-t	1	Standard	c-r-osid	4860	"SENATE DISTRICT 030"	211	82598.51
s=NC&c-exi=1&c-r-ot=S&c-r-id=4883	s	NC	NC	y	1996	1996	c-r-t	1	Standard	c-r-osid	4857	"SENATE DISTRICT 027"	189	82428.55
s=NC&c-exi=1&c-r-ot=S&c-r-id=51191	s	NC	NC	y	2008	2008	c-r-t	1	Standard	c-r-osid	4840	"SENATE DISTRICT 010"	242	81852.00
s=NC&c-exi=1&c-r-ot=S&c-r-id=61099	s	NC	NC	y	2014	2014	c-r-t	1	Standard	c-r-osid	4867	"SENATE DISTRICT 037"	322	81134.51
s=NC&c-exi=1&c-r-ot=S&c-r-id=14844	s	NC	NC	y	2012	2012	c-r-t	1	Standard	c-r-osid	4850	"SENATE DISTRICT 020"	161	80990.00
s=NC&c-exi=1&c-r-ot=S&c-r-id=14850	s	NC	NC	y	2012	2012	c-r-t	1	Standard	c-r-osid	4872	"SENATE DISTRICT 042"	142	80364.77
s=NC&c-exi=1&c-r-ot=S&c-r-id=10706	s	NC	NC	y	2008	2008	c-r-t	1	Standard	c-r-osid	4858	"SENATE DISTRICT 028"	317	79736.33
s=NC&c-exi=1&c-r-ot=S&c-r-id=4873	s	NC	NC	y	1996	1996	c-r-t	1	Standard	c-r-osid	4860	"SENATE DISTRICT 030"	253	79548.90
s=NC&c-exi=1&c-r-ot=S&c-r-id=12780	s	NC	NC	y	2010	2010	c-r-t	1	Standard	c-r-osid	4853	"SENATE DISTRICT 023"	595	79407.85
s=NC&c-exi=1&c-r-ot=S&c-r-id=14846	s	NC	NC	y	2012	2012	c-r-t	1	Standard	c-r-osid	4852	"SENATE DISTRICT 022"	281	79367.18
s=NC&c-exi=1&c-r-ot=S&c-r-id=4864	s	NC	NC	y	1996	1996	c-r-t	1	Standard	c-r-osid	4871	"SENATE DISTRICT 041"	100	78395.43
s=NC&c-exi=1&c-r-ot=S&c-r-id=70750	s	NC	NC	y	2016	2016	c-r-t	1	Standard	c-r-osid	4868	"SENATE DISTRICT 038"	87	78322.00
s=NC&c-exi=1&c-r-ot=S&c-r-id=12773	s	NC	NC	y	2010	2010	c-r-t	1	Standard	c-r-osid	4860	"SENATE DISTRICT 030"	190	78271.35
s=NC&c-exi=1&c-r-ot=S&c-r-id=53240	s	NC	NC	y	2010	2010	c-r-t	1	Standard	c-r-osid	4876	"SENATE DISTRICT 046"	172	77679.77
s=NC&c-exi=1&c-r-ot=S&c-r-id=61096	s	NC	NC	y	2014	2014	c-r-t	1	Standard	c-r-osid	4864	"SENATE DISTRICT 034"	126	77366.46
s=NC&c-exi=1&c-r-ot=S&c-r-id=27021	s	NC	NC	y	1998	1998	c-r-t	1	Standard	c-r-osid	4860	"SENATE DISTRICT 030"	185	75173.10
s=NC&c-exi=1&c-r-ot=S&c-r-id=23608	s	NC	NC	y	2000	2000	c-r-t	1	Standard	c-r-osid	4843	"SENATE DISTRICT 013"	153	75026.00
s=NC&c-exi=1&c-r-ot=S&c-r-id=14845	s	NC	NC	y	2012	2012	c-r-t	1	Standard	c-r-osid	4851	"SENATE DISTRICT 021"	325	74924.19
s=NC&c-exi=1&c-r-ot=S&c-r-id=14849	s	NC	NC	y	2012	2012	c-r-t	1	Standard	c-r-osid	4862	"SENATE DISTRICT 032"	198	74568.16
s=NC&c-exi=1&c-r-ot=S&c-r-id=1086	s	NC	NC	y	2002	2002	c-r-t	1	Standard	c-r-osid	4874	"SENATE DISTRICT 044"	268	74339.40
s=NC&c-exi=1&c-r-ot=S&c-r-id=48572	s	NC	NC	y	2004	2004	c-r-t	1	Standard	c-r-osid	4867	"SENATE DISTRICT 037"	78	73727.00
s=NC&c-exi=1&c-r-ot=S&c-r-id=61095	s	NC	NC	y	2014	2014	c-r-t	1	Standard	c-r-osid	4863	"SENATE DISTRICT 033"	129	73606.08
s=NC&c-exi=1&c-r-ot=S&c-r-id=7833	s	NC	NC	y	2004	2004	c-r-t	1	Standard	c-r-osid	4854	"SENATE DISTRICT 024"	351	73232.67
s=NC&c-exi=1&c-r-ot=S&c-r-id=1102	s	NC	NC	y	2002	2002	c-r-t	1	Standard	c-r-osid	4856	"SENATE DISTRICT 026"	175	72359.72
s=NC&c-exi=1&c-r-ot=S&c-r-id=33104	s	NC	NC	y	2008	2008	c-r-t	1	Standard	c-r-osid	4848	"SENATE DISTRICT 018"	208	71289.49
s=NC&c-exi=1&c-r-ot=S&c-r-id=6948	s	NC	NC	y	1998	1998	c-r-t	1	Standard	c-r-osid	4852	"SENATE DISTRICT 022"	160	71147.00
s=NC&c-exi=1&c-r-ot=S&c-r-id=4868	s	NC	NC	y	1996	1996	c-r-t	1	Standard	c-r-osid	4836	"SENATE DISTRICT 006"	118	70205.30
s=NC&c-exi=1&c-r-ot=S&c-r-id=7842	s	NC	NC	y	2004	2004	c-r-t	1	Standard	c-r-osid	4865	"SENATE DISTRICT 035"	183	69929.00
s=NC&c-exi=1&c-r-ot=S&c-r-id=49631	s	NC	NC	y	2006	2006	c-r-t	1	Standard	c-r-osid	4871	"SENATE DISTRICT 041"	80	69900.00
s=NC&c-exi=1&c-r-ot=S&c-r-id=49609	s	NC	NC	y	2006	2006	c-r-t	1	Standard	c-r-osid	4848	"SENATE DISTRICT 018"	559	69830.00
s=NC&c-exi=1&c-r-ot=S&c-r-id=1088	s	NC	NC	y	2002	2002	c-r-t	1	Standard	c-r-osid	4875	"SENATE DISTRICT 045"	241	69592.00
s=NC&c-exi=1&c-r-ot=S&c-r-id=28304	s	NC	NC	y	2004	2004	c-r-t	1	Standard	c-r-osid	4879	"SENATE DISTRICT 049"	160	68654.22
s=NC&c-exi=1&c-r-ot=S&c-r-id=61083	s	NC	NC	y	2014	2014	c-r-t	1	Standard	c-r-osid	4851	"SENATE DISTRICT 021"	183	68442.01
s=NC&c-exi=1&c-r-ot=S&c-r-id=28320	s	NC	NC	y	2004	2004	c-r-t	1	Standard	c-r-osid	4866	"SENATE DISTRICT 036"	112	67935.00
s=NC&c-exi=1&c-r-ot=S&c-r-id=33100	s	NC	NC	y	2008	2008	c-r-t	1	Standard	c-r-osid	4859	"SENATE DISTRICT 029"	226	67792.90
s=NC&c-exi=1&c-r-ot=S&c-r-id=23622	s	NC	NC	y	2000	2000	c-r-t	1	Standard	c-r-osid	4848	"SENATE DISTRICT 018"	143	66700.00
s=NC&c-exi=1&c-r-ot=S&c-r-id=17981	s	NC	NC	y	2002	2002	c-r-t	1	Standard	c-r-osid	4858	"SENATE DISTRICT 028"	568	66493.10
s=NC&c-exi=1&c-r-ot=S&c-r-id=70709	s	NC	NC	y	2016	2016	c-r-t	1	Standard	c-r-osid	4864	"SENATE DISTRICT 034"	76	65600.00
s=NC&c-exi=1&c-r-ot=S&c-r-id=61075	s	NC	NC	y	2014	2014	c-r-t	1	Standard	c-r-osid	4843	"SENATE DISTRICT 013"	295	64941.37
s=NC&c-exi=1&c-r-ot=S&c-r-id=49660	s	NC	NC	y	2006	2006	c-r-t	1	Standard	c-r-osid	4859	"SENATE DISTRICT 029"	158	64820.00
s=NC&c-exi=1&c-r-ot=S&c-r-id=12766	s	NC	NC	y	2010	2010	c-r-t	1	Standard	c-r-osid	4834	"SENATE DISTRICT 004"	194	64418.10
s=NC&c-exi=1&c-r-ot=S&c-r-id=6941	s	NC	NC	y	1998	1998	c-r-t	1	Standard	c-r-osid	4848	"SENATE DISTRICT 018"	129	64283.88
s=NC&c-exi=1&c-r-ot=S&c-r-id=47633	s	NC	NC	y	1998	1998	c-r-t	1	Standard	c-r-osid	4868	"SENATE DISTRICT 038"	119	64235.00
s=NC&c-exi=1&c-r-ot=S&c-r-id=61067	s	NC	NC	y	2014	2014	c-r-t	1	Standard	c-r-osid	4835	"SENATE DISTRICT 005"	109	62724.36
s=NC&c-exi=1&c-r-ot=S&c-r-id=70722	s	NC	NC	y	2016	2016	c-r-t	1	Standard	c-r-osid	4853	"SENATE DISTRICT 023"	458	62647.63
s=NC&c-exi=1&c-r-ot=S&c-r-id=1041	s	NC	NC	y	2002	2002	c-r-t	1	Standard	c-r-osid	4864	"SENATE DISTRICT 034"	211	62362.85
s=NC&c-exi=1&c-r-ot=S&c-r-id=61102	s	NC	NC	y	2014	2014	c-r-t	1	Standard	c-r-osid	4870	"SENATE DISTRICT 040"	268	62020.77
s=NC&c-exi=1&c-r-ot=S&c-r-id=70797	s	NC	NC	y	2016	2016	c-r-t	1	Standard	c-r-osid	4860	"SENATE DISTRICT 030"	82	62004.50
s=NC&c-exi=1&c-r-ot=S&c-r-id=51211	s	NC	NC	y	2008	2008	c-r-t	1	Standard	c-r-osid	4865	"SENATE DISTRICT 035"	141	61073.78
s=NC&c-exi=1&c-r-ot=S&c-r-id=17993	s	NC	NC	y	2002	2002	c-r-t	1	Standard	c-r-osid	4866	"SENATE DISTRICT 036"	118	59385.13
s=NC&c-exi=1&c-r-ot=S&c-r-id=31335	s	NC	NC	y	2006	2006	c-r-t	1	Standard	c-r-osid	4834	"SENATE DISTRICT 004"	214	58305.00
s=NC&c-exi=1&c-r-ot=S&c-r-id=14848	s	NC	NC	y	2012	2012	c-r-t	1	Standard	c-r-osid	4858	"SENATE DISTRICT 028"	509	58218.91
s=NC&c-exi=1&c-r-ot=S&c-r-id=31322	s	NC	NC	y	2006	2006	c-r-t	1	Standard	c-r-osid	4853	"SENATE DISTRICT 023"	565	58033.39
s=NC&c-exi=1&c-r-ot=S&c-r-id=9796	s	NC	NC	y	2006	2006	c-r-t	1	Standard	c-r-osid	4858	"SENATE DISTRICT 028"	302	57633.00
s=NC&c-exi=1&c-r-ot=S&c-r-id=70813	s	NC	NC	y	2016	2016	c-r-t	1	Standard	c-r-osid	4862	"SENATE DISTRICT 032"	326	57315.00
s=NC&c-exi=1&c-r-ot=S&c-r-id=38868	s	NC	NC	y	2012	2012	c-r-t	1	Standard	c-r-osid	4870	"SENATE DISTRICT 040"	112	56952.00
s=NC&c-exi=1&c-r-ot=S&c-r-id=23592	s	NC	NC	y	1996	1996	c-r-t	1	Standard	c-r-osid	4852	"SENATE DISTRICT 022"	165	56639.70
s=NC&c-exi=1&c-r-ot=S&c-r-id=33121	s	NC	NC	y	2008	2008	c-r-t	1	Standard	c-r-osid	4870	"SENATE DISTRICT 040"	90	56575.00
s=NC&c-exi=1&c-r-ot=S&c-r-id=51199	s	NC	NC	y	2008	2008	c-r-t	1	Standard	c-r-osid	4836	"SENATE DISTRICT 006"	93	56545.00
s=NC&c-exi=1&c-r-ot=S&c-r-id=1109	s	NC	NC	y	2002	2002	c-r-t	1	Standard	c-r-osid	4844	"SENATE DISTRICT 014"	210	55521.00
s=NC&c-exi=1&c-r-ot=S&c-r-id=7777	s	NC	NC	y	2004	2004	c-r-t	1	Standard	c-r-osid	4864	"SENATE DISTRICT 034"	138	55330.00
s=NC&c-exi=1&c-r-ot=S&c-r-id=27011	s	NC	NC	y	1998	1998	c-r-t	1	Standard	c-r-osid	4836	"SENATE DISTRICT 006"	141	55071.25
s=NC&c-exi=1&c-r-ot=S&c-r-id=49620	s	NC	NC	y	2006	2006	c-r-t	1	Standard	c-r-osid	4846	"SENATE DISTRICT 016"	232	54797.82
s=NC&c-exi=1&c-r-ot=S&c-r-id=7810	s	NC	NC	y	2004	2004	c-r-t	1	Standard	c-r-osid	4834	"SENATE DISTRICT 004"	169	54411.36
s=NC&c-exi=1&c-r-ot=S&c-r-id=70841	s	NC	NC	y	2016	2016	c-r-t	1	Standard	c-r-osid	4832	"SENATE DISTRICT 002"	194	54376.00
s=NC&c-exi=1&c-r-ot=S&c-r-id=23635	s	NC	NC	y	2000	2000	c-r-t	1	Standard	c-r-osid	4870	"SENATE DISTRICT 040"	167	54256.00
s=NC&c-exi=1&c-r-ot=S&c-r-id=55621	s	NC	NC	y	2012	2012	c-r-t	1	Standard	c-r-osid	4837	"SENATE DISTRICT 007"	81	54250.00
s=NC&c-exi=1&c-r-ot=S&c-r-id=36321	s	NC	NC	y	2010	2010	c-r-t	1	Standard	c-r-osid	4847	"SENATE DISTRICT 017"	217	54229.18
s=NC&c-exi=1&c-r-ot=S&c-r-id=31359	s	NC	NC	y	2006	2006	c-r-t	1	Standard	c-r-osid	4870	"SENATE DISTRICT 040"	147	53883.00
s=NC&c-exi=1&c-r-ot=S&c-r-id=37966	s	NC	NC	y	2010	2010	c-r-t	1	Standard	c-r-osid	4850	"SENATE DISTRICT 020"	113	53574.35
s=NC&c-exi=1&c-r-ot=S&c-r-id=70755	s	NC	NC	y	2016	2016	c-r-t	1	Standard	c-r-osid	4852	"SENATE DISTRICT 022"	163	52734.47
s=NC&c-exi=1&c-r-ot=S&c-r-id=12781	s	NC	NC	y	2010	2010	c-r-t	1	Standard	c-r-osid	4864	"SENATE DISTRICT 034"	104	52459.59
s=NC&c-exi=1&c-r-ot=S&c-r-id=28300	s	NC	NC	y	2004	2004	c-r-t	1	Standard	c-r-osid	4875	"SENATE DISTRICT 045"	148	52426.68
s=NC&c-exi=1&c-r-ot=S&c-r-id=1049	s	NC	NC	y	2002	2002	c-r-t	1	Standard	c-r-osid	4860	"SENATE DISTRICT 030"	110	50828.99
s=NC&c-exi=1&c-r-ot=S&c-r-id=27015	s	NC	NC	y	1998	1998	c-r-t	1	Standard	c-r-osid	4843	"SENATE DISTRICT 013"	147	50403.25
s=NC&c-exi=1&c-r-ot=S&c-r-id=61084	s	NC	NC	y	2014	2014	c-r-t	1	Standard	c-r-osid	4852	"SENATE DISTRICT 022"	268	49346.89
s=NC&c-exi=1&c-r-ot=S&c-r-id=9775	s	NC	NC	y	2006	2006	c-r-t	1	Standard	c-r-osid	4851	"SENATE DISTRICT 021"	160	49058.82
s=NC&c-exi=1&c-r-ot=S&c-r-id=6953	s	NC	NC	y	1998	1998	c-r-t	1	Standard	c-r-osid	4872	"SENATE DISTRICT 042"	136	48912.15
s=NC&c-exi=1&c-r-ot=S&c-r-id=7818	s	NC	NC	y	2004	2004	c-r-t	1	Standard	c-r-osid	4851	"SENATE DISTRICT 021"	76	47333.59
s=NC&c-exi=1&c-r-ot=S&c-r-id=38857	s	NC	NC	y	2012	2012	c-r-t	1	Standard	c-r-osid	4860	"SENATE DISTRICT 030"	88	46296.55
s=NC&c-exi=1&c-r-ot=S&c-r-id=31360	s	NC	NC	y	2006	2006	c-r-t	1	Standard	c-r-osid	4852	"SENATE DISTRICT 022"	303	46112.25
s=NC&c-exi=1&c-r-ot=S&c-r-id=4895	s	NC	NC	y	2000	2000	c-r-t	1	Standard	c-r-osid	4852	"SENATE DISTRICT 022"	95	45040.00
s=NC&c-exi=1&c-r-ot=S&c-r-id=23596	s	NC	NC	y	1996	1996	c-r-t	1	Standard	c-r-osid	4848	"SENATE DISTRICT 018"	111	44457.93
s=NC&c-exi=1&c-r-ot=S&c-r-id=23673	s	NC	NC	y	2002	2002	c-r-t	1	Standard	c-r-osid	4861	"SENATE DISTRICT 031"	260	43674.00
s=NC&c-exi=1&c-r-ot=S&c-r-id=1040	s	NC	NC	y	2002	2002	c-r-t	1	Standard	c-r-osid	4834	"SENATE DISTRICT 004"	319	43420.23
s=NC&c-exi=1&c-r-ot=S&c-r-id=70662	s	NC	NC	y	2016	2016	c-r-t	1	Standard	c-r-osid	4845	"SENATE DISTRICT 015"	142	43248.33
s=NC&c-exi=1&c-r-ot=S&c-r-id=1094	s	NC	NC	y	2002	2002	c-r-t	1	Standard	c-r-osid	4872	"SENATE DISTRICT 042"	85	42520.00
s=NC&c-exi=1&c-r-ot=S&c-r-id=45548	s	NC	NC	y	2000	2000	c-r-t	1	Standard	c-r-osid	4832	"SENATE DISTRICT 002"	81	41750.00
s=NC&c-exi=1&c-r-ot=S&c-r-id=45558	s	NC	NC	y	2000	2000	c-r-t	1	Standard	c-r-osid	4857	"SENATE DISTRICT 027"	136	41599.00
s=NC&c-exi=1&c-r-ot=S&c-r-id=70802	s	NC	NC	y	2016	2016	c-r-t	1	Standard	c-r-osid	4850	"SENATE DISTRICT 020"	106	41457.00
s=NC&c-exi=1&c-r-ot=S&c-r-id=42317	s	NC	NC	y	2002	2002	c-r-t	1	Standard	c-r-osid	4867	"SENATE DISTRICT 037"	70	41407.00
s=NC&c-exi=1&c-r-ot=S&c-r-id=55185	s	NC	NC	y	2012	2012	c-r-t	1	Standard	c-r-osid	4865	"SENATE DISTRICT 035"	150	41175.00
s=NC&c-exi=1&c-r-ot=S&c-r-id=38866	s	NC	NC	y	2012	2012	c-r-t	1	Standard	c-r-osid	4853	"SENATE DISTRICT 023"	400	40991.25
s=NC&c-exi=1&c-r-ot=S&c-r-id=49624	s	NC	NC	y	2006	2006	c-r-t	1	Standard	c-r-osid	4868	"SENATE DISTRICT 038"	86	40523.24
s=NC&c-exi=1&c-r-ot=S&c-r-id=4917	s	NC	NC	y	2000	2000	c-r-t	1	Standard	c-r-osid	4866	"SENATE DISTRICT 036"	62	40522.00
s=NC&c-exi=1&c-r-ot=S&c-r-id=4892	s	NC	NC	y	2000	2000	c-r-t	1	Standard	c-r-osid	4868	"SENATE DISTRICT 038"	92	40507.00
s=NC&c-exi=1&c-r-ot=S&c-r-id=29679	s	NC	NC	y	2004	2004	c-r-t	1	Standard	c-r-osid	4853	"SENATE DISTRICT 023"	592	40487.00
s=NC&c-exi=1&c-r-ot=S&c-r-id=4941	s	NC	NC	y	2000	2000	c-r-t	1	Standard	c-r-osid	4836	"SENATE DISTRICT 006"	98	40410.00
s=NC&c-exi=1&c-r-ot=S&c-r-id=33135	s	NC	NC	y	2008	2008	c-r-t	1	Standard	c-r-osid	4868	"SENATE DISTRICT 038"	73	40175.00
s=NC&c-exi=1&c-r-ot=S&c-r-id=48563	s	NC	NC	y	2004	2004	c-r-t	1	Standard	c-r-osid	4872	"SENATE DISTRICT 042"	144	39235.00
s=NC&c-exi=1&c-r-ot=S&c-r-id=10709	s	NC	NC	y	2008	2008	c-r-t	1	Standard	c-r-osid	4850	"SENATE DISTRICT 020"	95	39230.95
s=NC&c-exi=1&c-r-ot=S&c-r-id=47631	s	NC	NC	y	1998	1998	c-r-t	1	Standard	c-r-osid	4865	"SENATE DISTRICT 035"	129	38960.00
s=NC&c-exi=1&c-r-ot=S&c-r-id=51207	s	NC	NC	y	2008	2008	c-r-t	1	Standard	c-r-osid	4871	"SENATE DISTRICT 041"	48	38750.00
s=NC&c-exi=1&c-r-ot=S&c-r-id=47624	s	NC	NC	y	1998	1998	c-r-t	1	Standard	c-r-osid	4832	"SENATE DISTRICT 002"	81	37311.82
s=NC&c-exi=1&c-r-ot=S&c-r-id=48576	s	NC	NC	y	2004	2004	c-r-t	1	Standard	c-r-osid	4858	"SENATE DISTRICT 028"	318	37139.11
s=NC&c-exi=1&c-r-ot=S&c-r-id=12784	s	NC	NC	y	2010	2010	c-r-t	1	Standard	c-r-osid	4871	"SENATE DISTRICT 041"	55	36732.77
s=NC&c-exi=1&c-r-ot=S&c-r-id=36329	s	NC	NC	y	2010	2010	c-r-t	1	Standard	c-r-osid	4848	"SENATE DISTRICT 018"	293	36554.98
s=NC&c-exi=1&c-r-ot=S&c-r-id=70724	s	NC	NC	y	2016	2016	c-r-t	1	Standard	c-r-osid	4876	"SENATE DISTRICT 046"	75	36332.00
s=NC&c-exi=1&c-r-ot=S&c-r-id=53237	s	NC	NC	y	2010	2010	c-r-t	1	Standard	c-r-osid	4863	"SENATE DISTRICT 033"	57	36100.00
s=NC&c-exi=1&c-r-ot=S&c-r-id=27025	s	NC	NC	y	1998	1998	c-r-t	1	Standard	c-r-osid	4870	"SENATE DISTRICT 040"	86	36074.50
s=NC&c-exi=1&c-r-ot=S&c-r-id=47629	s	NC	NC	y	1998	1998	c-r-t	1	Standard	c-r-osid	4849	"SENATE DISTRICT 019"	67	36054.54
s=NC&c-exi=1&c-r-ot=S&c-r-id=38864	s	NC	NC	y	2012	2012	c-r-t	1	Standard	c-r-osid	4834	"SENATE DISTRICT 004"	100	35732.86
s=NC&c-exi=1&c-r-ot=S&c-r-id=23587	s	NC	NC	y	1996	1996	c-r-t	1	Standard	c-r-osid	4843	"SENATE DISTRICT 013"	97	35676.13
s=NC&c-exi=1&c-r-ot=S&c-r-id=23585	s	NC	NC	y	1996	1996	c-r-t	1	Standard	c-r-osid	4832	"SENATE DISTRICT 002"	94	35304.90
s=NC&c-exi=1&c-r-ot=S&c-r-id=70793	s	NC	NC	y	2016	2016	c-r-t	1	Standard	c-r-osid	4873	"SENATE DISTRICT 043"	77	34767.90
s=NC&c-exi=1&c-r-ot=S&c-r-id=23670	s	NC	NC	y	2002	2002	c-r-t	1	Standard	c-r-osid	4850	"SENATE DISTRICT 020"	175	34023.03
s=NC&c-exi=1&c-r-ot=S&c-r-id=51219	s	NC	NC	y	2008	2008	c-r-t	1	Standard	c-r-osid	4834	"SENATE DISTRICT 004"	114	33207.50
s=NC&c-exi=1&c-r-ot=S&c-r-id=4932	s	NC	NC	y	2000	2000	c-r-t	1	Standard	c-r-osid	4872	"SENATE DISTRICT 042"	87	32793.00
s=NC&c-exi=1&c-r-ot=S&c-r-id=7788	s	NC	NC	y	2004	2004	c-r-t	1	Standard	c-r-osid	4868	"SENATE DISTRICT 038"	65	32629.54
s=NC&c-exi=1&c-r-ot=S&c-r-id=31333	s	NC	NC	y	2006	2006	c-r-t	1	Standard	c-r-osid	4864	"SENATE DISTRICT 034"	51	32150.00
s=NC&c-exi=1&c-r-ot=S&c-r-id=49644	s	NC	NC	y	2006	2006	c-r-t	1	Standard	c-r-osid	4850	"SENATE DISTRICT 020"	99	31130.00
s=NC&c-exi=1&c-r-ot=S&c-r-id=36332	s	NC	NC	y	2010	2010	c-r-t	1	Standard	c-r-osid	4868	"SENATE DISTRICT 038"	66	31109.00
s=NC&c-exi=1&c-r-ot=S&c-r-id=49612	s	NC	NC	y	2006	2006	c-r-t	1	Standard	c-r-osid	4863	"SENATE DISTRICT 033"	79	29800.00
s=NC&c-exi=1&c-r-ot=S&c-r-id=49638	s	NC	NC	y	2006	2006	c-r-t	1	Standard	c-r-osid	4874	"SENATE DISTRICT 044"	103	29595.00
s=NC&c-exi=1&c-r-ot=S&c-r-id=70846	s	NC	NC	y	2016	2016	c-r-t	1	Standard	c-r-osid	4833	"SENATE DISTRICT 003"	61	29500.00
s=NC&c-exi=1&c-r-ot=S&c-r-id=51197	s	NC	NC	y	2008	2008	c-r-t	1	Standard	c-r-osid	4863	"SENATE DISTRICT 033"	48	29465.75
s=NC&c-exi=1&c-r-ot=S&c-r-id=28349	s	NC	NC	y	2004	2004	c-r-t	1	Standard	c-r-osid	4850	"SENATE DISTRICT 020"	141	28912.00
s=NC&c-exi=1&c-r-ot=S&c-r-id=18003	s	NC	NC	y	2002	2002	c-r-t	1	Standard	c-r-osid	4854	"SENATE DISTRICT 024"	58	28677.00
s=NC&c-exi=1&c-r-ot=S&c-r-id=45557	s	NC	NC	y	2000	2000	c-r-t	1	Standard	c-r-osid	4869	"SENATE DISTRICT 039"	59	28550.00
s=NC&c-exi=1&c-r-ot=S&c-r-id=70818	s	NC	NC	y	2016	2016	c-r-t	1	Standard	c-r-osid	4855	"SENATE DISTRICT 025"	51	27944.20
s=NC&c-exi=1&c-r-ot=S&c-r-id=47630	s	NC	NC	y	1998	1998	c-r-t	1	Standard	c-r-osid	4856	"SENATE DISTRICT 026"	75	27755.00
s=NC&c-exi=1&c-r-ot=S&c-r-id=27023	s	NC	NC	y	1998	1998	c-r-t	1	Standard	c-r-osid	4863	"SENATE DISTRICT 033"	44	26389.00
s=NC&c-exi=1&c-r-ot=S&c-r-id=48584	s	NC	NC	y	2004	2004	c-r-t	1	Standard	c-r-osid	4861	"SENATE DISTRICT 031"	155	26384.03
s=NC&c-exi=1&c-r-ot=S&c-r-id=53239	s	NC	NC	y	2010	2010	c-r-t	1	Standard	c-r-osid	4872	"SENATE DISTRICT 042"	84	26225.00
s=NC&c-exi=1&c-r-ot=S&c-r-id=70700	s	NC	NC	y	2016	2016	c-r-t	1	Standard	c-r-osid	4877	"SENATE DISTRICT 047"	115	25028.60
s=NC&c-exi=1&c-r-ot=S&c-r-id=17987	s	NC	NC	y	2002	2002	c-r-t	1	Standard	c-r-osid	4871	"SENATE DISTRICT 041"	144	24723.67
s=NC&c-exi=1&c-r-ot=S&c-r-id=4888	s	NC	NC	y	2000	2000	c-r-t	1	Standard	c-r-osid	4837	"SENATE DISTRICT 007"	70	24365.00
s=NC&c-exi=1&c-r-ot=S&c-r-id=45547	s	NC	NC	y	2000	2000	c-r-t	1	Standard	c-r-osid	4856	"SENATE DISTRICT 026"	56	23365.00
s=NC&c-exi=1&c-r-ot=S&c-r-id=28323	s	NC	NC	y	2004	2004	c-r-t	1	Standard	c-r-osid	4860	"SENATE DISTRICT 030"	84	22898.30
s=NC&c-exi=1&c-r-ot=S&c-r-id=70708	s	NC	NC	y	2016	2016	c-r-t	1	Standard	c-r-osid	4843	"SENATE DISTRICT 013"	84	22525.00
s=NC&c-exi=1&c-r-ot=S&c-r-id=70758	s	NC	NC	y	2016	2016	c-r-t	1	Standard	c-r-osid	4863	"SENATE DISTRICT 033"	3	20907.98
s=NC&c-exi=1&c-r-ot=S&c-r-id=23595	s	NC	NC	y	1996	1996	c-r-t	1	Standard	c-r-osid	4849	"SENATE DISTRICT 019"	59	20837.19
s=NC&c-exi=1&c-r-ot=S&c-r-id=70800	s	NC	NC	y	2016	2016	c-r-t	1	Standard	c-r-osid	4841	"SENATE DISTRICT 011"	26	20062.66
s=NC&c-exi=1&c-r-ot=S&c-r-id=50450	s	NC	NC	y	2006	2006	c-r-t	1	Standard	c-r-osid	4860	"SENATE DISTRICT 030"	33	18937.52
s=NC&c-exi=1&c-r-ot=S&c-r-id=4933	s	NC	NC	y	2000	2000	c-r-t	1	Standard	c-r-osid	4849	"SENATE DISTRICT 019"	50	18907.00
s=NC&c-exi=1&c-r-ot=S&c-r-id=70718	s	NC	NC	y	2016	2016	c-r-t	1	Standard	c-r-osid	4842	"SENATE DISTRICT 012"	67	18590.59
s=NC&c-exi=1&c-r-ot=S&c-r-id=45565	s	NC	NC	y	2000	2000	c-r-t	1	Standard	c-r-osid	4861	"SENATE DISTRICT 031"	38	17607.00
s=NC&c-exi=1&c-r-ot=S&c-r-id=47634	s	NC	NC	y	1998	1998	c-r-t	1	Standard	c-r-osid	4869	"SENATE DISTRICT 039"	46	16500.00
s=NC&c-exi=1&c-r-ot=S&c-r-id=1097	s	NC	NC	y	2002	2002	c-r-t	1	Standard	c-r-osid	4851	"SENATE DISTRICT 021"	68	16086.00
s=NC&c-exi=1&c-r-ot=S&c-r-id=70736	s	NC	NC	y	2016	2016	c-r-t	1	Standard	c-r-osid	4870	"SENATE DISTRICT 040"	33	15024.00
s=NC&c-exi=1&c-r-ot=S&c-r-id=4928	s	NC	NC	y	2000	2000	c-r-t	1	Standard	c-r-osid	4871	"SENATE DISTRICT 041"	49	14950.00
s=NC&c-exi=1&c-r-ot=S&c-r-id=56076	s	NC	NC	y	2012	2012	c-r-t	1	Standard	c-r-osid	4835	"SENATE DISTRICT 005"	28	14442.92
s=NC&c-exi=1&c-r-ot=S&c-r-id=4875	s	NC	NC	y	1996	1996	c-r-t	1	Standard	c-r-osid	4837	"SENATE DISTRICT 007"	35	13761.31
s=NC&c-exi=1&c-r-ot=S&c-r-id=51202	s	NC	NC	y	2008	2008	c-r-t	1	Standard	c-r-osid	4860	"SENATE DISTRICT 030"	22	13150.00
s=NC&c-exi=1&c-r-ot=S&c-r-id=45541	s	NC	NC	y	1996	1996	c-r-t	1	Standard	c-r-osid	4872	"SENATE DISTRICT 042"	76	12705.00
s=NC&c-exi=1&c-r-ot=S&c-r-id=70742	s	NC	NC	y	2016	2016	c-r-t	1	Standard	c-r-osid	4865	"SENATE DISTRICT 035"	13	12415.19
s=NC&c-exi=1&c-r-ot=S&c-r-id=45552	s	NC	NC	y	2000	2000	c-r-t	1	Standard	c-r-osid	4863	"SENATE DISTRICT 033"	38	12400.00
s=NC&c-exi=1&c-r-ot=S&c-r-id=42320	s	NC	NC	y	2002	2002	c-r-t	1	Standard	c-r-osid	4868	"SENATE DISTRICT 038"	32	12150.00
s=NC&c-exi=1&c-r-ot=S&c-r-id=45544	s	NC	NC	y	1996	1996	c-r-t	1	Standard	c-r-osid	4869	"SENATE DISTRICT 039"	37	11625.00
s=NC&c-exi=1&c-r-ot=S&c-r-id=6945	s	NC	NC	y	1998	1998	c-r-t	1	Standard	c-r-osid	4871	"SENATE DISTRICT 041"	40	11450.00
s=NC&c-exi=1&c-r-ot=S&c-r-id=61094	s	NC	NC	y	2014	2014	c-r-t	1	Standard	c-r-osid	4862	"SENATE DISTRICT 032"	22	11450.00
s=NC&c-exi=1&c-r-ot=S&c-r-id=70811	s	NC	NC	y	2016	2016	c-r-t	1	Standard	c-r-osid	4858	"SENATE DISTRICT 028"	66	10991.46
s=NC&c-exi=1&c-r-ot=S&c-r-id=10740	s	NC	NC	y	2008	2008	c-r-t	1	Standard	c-r-osid	4851	"SENATE DISTRICT 021"	49	10475.00
s=NC&c-exi=1&c-r-ot=S&c-r-id=47625	s	NC	NC	y	1998	1998	c-r-t	1	Standard	c-r-osid	4837	"SENATE DISTRICT 007"	24	9207.00
s=NC&c-exi=1&c-r-ot=S&c-r-id=10716	s	NC	NC	y	2008	2008	c-r-t	1	Standard	c-r-osid	4874	"SENATE DISTRICT 044"	42	9100.00
s=NC&c-exi=1&c-r-ot=S&c-r-id=47627	s	NC	NC	y	1998	1998	c-r-t	1	Standard	c-r-osid	4861	"SENATE DISTRICT 031"	24	7200.00
s=NC&c-exi=1&c-r-ot=S&c-r-id=70747	s	NC	NC	y	2016	2016	c-r-t	1	Standard	c-r-osid	4835	"SENATE DISTRICT 005"	11	5800.00
s=NC&c-exi=1&c-r-ot=S&c-r-id=45545	s	NC	NC	y	1996	1996	c-r-t	1	Standard	c-r-osid	4861	"SENATE DISTRICT 031"	20	5400.00
s=NC&c-exi=1&c-r-ot=S&c-r-id=47632	s	NC	NC	y	1998	1998	c-r-t	1	Standard	c-r-osid	4866	"SENATE DISTRICT 036"	14	5032.00
s=NC&c-exi=1&c-r-ot=S&c-r-id=45543	s	NC	NC	y	1996	1996	c-r-t	1	Standard	c-r-osid	4863	"SENATE DISTRICT 033"	14	2967.53
s=NC&c-exi=1&c-r-ot=S&c-r-id=1058	s	NC	NC	y	2002	2002	c-r-t	1	Standard	c-r-osid	4863	"SENATE DISTRICT 033"	12	2259.00
s=NC&c-exi=1&c-r-ot=S&c-r-id=48565	s	NC	NC	y	2004	2004	c-r-t	1	Standard	c-r-osid	4863	"SENATE DISTRICT 033"	9	1004.00


